id,conversation_id,created_at,date,time,timezone,user_id,username,name,place,tweet,mentions,urls,photos,replies_count,retweets_count,likes_count,hashtags,cashtags,link,retweet,quote_url,video,near,geo,source,user_rt_id,user_rt,retweet_id,reply_to,retweet_date,translate,trans_src,trans_dest
1214724106676891648,1214444532009295873,1578447770000,2020-01-08,11:42:50,AEST,1194460935575887873,fair_dinkum68,üíßshortbacknsides,,"#stopthegreens #ArsonEmergency
#greensfire",['mrobertsqld'],[],[],0,0,0,"['#stopthegreens', '#arsonemergency', '#greensfire']",[],https://twitter.com/fair_dinkum68/status/1214724106676891648,False,,0,,,,,,,"[{'user_id': '1194460935575887873', 'username': 'fair_dinkum68'}, {'user_id': '762470063261704192', 'username': 'MRobertsQLD'}]",,,,
1214722833927962624,1214722833927962624,1578447466000,2020-01-08,11:37:46,AEST,1011026495500738561,peter90666913,Peter,,Wow so we are going to have below average heat in feb and March......bet this isn‚Äôt given the same emotional thrashing as a few hit days in December ie Summer #auspol could it be simply a weather cycle? #AustralianBushfiresDisaster #greensfire  https://www.smh.com.au/environment/weather/signs-heat-may-have-peaked-as-outlook-shifts-to-milder-wetter-weather-20200107-p53pk0.html¬†‚Ä¶,[],['https://www.smh.com.au/environment/weather/signs-heat-may-have-peaked-as-outlook-shifts-to-milder-wetter-weather-20200107-p53pk0.html'],[],5,23,58,"['#auspol', '#australianbushfiresdisaster', '#greensfire']",[],https://twitter.com/Peter90666913/status/1214722833927962624,False,,0,,,,,,,"[{'user_id': '1011026495500738561', 'username': 'Peter90666913'}]",,,,
1214707322284462081,1214707322284462081,1578443768000,2020-01-08,10:36:08,AEST,1011026495500738561,peter90666913,Peter,,It‚Äôs sad when you are trying to recover from a mess you helped create by bending over to your Green  masters while PM and letting our bush get out of control isn‚Äôt Kevin #auspol I‚Äôm not sure the 2 dollars you got from your auction will help #AustraliaisBurning #greensfire  https://twitter.com/caldronpool/status/1214705514707243008¬†‚Ä¶,[],['https://twitter.com/caldronpool/status/1214705514707243008'],[],1,3,6,"['#auspol', '#australiaisburning', '#greensfire']",[],https://twitter.com/Peter90666913/status/1214707322284462081,False,https://twitter.com/CaldronPool/status/1214705514707243008,0,,,,,,,"[{'user_id': '1011026495500738561', 'username': 'Peter90666913'}]",,,,
1214667173546692608,1214640704078536704,1578434196000,2020-01-08,07:56:36,AEST,1194460935575887873,fair_dinkum68,üíßshortbacknsides,,Very true ignition #ArsonEmergency fuel loads #greensfire,['amtvmedia'],[],[],0,0,0,"['#arsonemergency', '#greensfire']",[],https://twitter.com/fair_dinkum68/status/1214667173546692608,False,,0,,,,,,,"[{'user_id': '1194460935575887873', 'username': 'fair_dinkum68'}, {'user_id': '183036873', 'username': 'amtvmedia'}]",,,,
1214665221123362816,1214492210982354944,1578433730000,2020-01-08,07:48:50,AEST,1194460935575887873,fair_dinkum68,üíßshortbacknsides,,That's easy ignition was #ArsonEmergency and fuel loads was #greensfire,['catrollison'],[],[],0,0,1,"['#arsonemergency', '#greensfire']",[],https://twitter.com/fair_dinkum68/status/1214665221123362816,False,,0,,,,,,,"[{'user_id': '1194460935575887873', 'username': 'fair_dinkum68'}, {'user_id': '259959417', 'username': 'catrollison'}]",,,,
1214659990369161216,1214659990369161216,1578432483000,2020-01-08,07:28:03,AEST,1011026495500738561,peter90666913,Peter,,"Ray, who has 10000 followers and is very very important, coming to grips with who devastating the #Greensfire and terrible bush management has been...The ALP bent over to the Greens when in power and look at the result....#auspol #AustraliaisBurning https://twitter.com/raywilton4/status/1214592838568157184¬†‚Ä¶",[],['https://twitter.com/raywilton4/status/1214592838568157184'],[],1,3,4,"['#greensfire', '#auspol', '#australiaisburning']",[],https://twitter.com/Peter90666913/status/1214659990369161216,False,https://twitter.com/raywilton4/status/1214592838568157184,0,,,,,,,"[{'user_id': '1011026495500738561', 'username': 'Peter90666913'}]",,,,
1214658710825365504,1214576823893405697,1578432178000,2020-01-08,07:22:58,AEST,1194460935575887873,fair_dinkum68,üíßshortbacknsides,,#ArsonEmergency #greensfire,['education4libs'],[],[],0,0,0,"['#arsonemergency', '#greensfire']",[],https://twitter.com/fair_dinkum68/status/1214658710825365504,False,,0,,,,,,,"[{'user_id': '1194460935575887873', 'username': 'fair_dinkum68'}, {'user_id': '817661098988019712', 'username': 'Education4Libs'}]",,,,
1214653141372653568,1214653141372653568,1578430850000,2020-01-08,07:00:50,AEST,1011026495500738561,peter90666913,Peter,,"Not only do fire victims of the #greensfire ridiculous bush management policies have contend with losing everything , deadhead lefty parent leave their moronic teenagers out to loot...shooting seems fair #looting #auspol #AustralianBushfiresDisaster https://www.illawarramercury.com.au/story/6568882/three-charged-as-police-patrol-south-coast-fire-grounds-for-looters/¬†‚Ä¶",[],['https://www.illawarramercury.com.au/story/6568882/three-charged-as-police-patrol-south-coast-fire-grounds-for-looters/'],[],1,7,18,"['#greensfire', '#looting', '#auspol', '#australianbushfiresdisaster']",[],https://twitter.com/Peter90666913/status/1214653141372653568,False,,0,,,,,,,"[{'user_id': '1011026495500738561', 'username': 'Peter90666913'}]",,,,
1214473024470020096,1214473024470020096,1578387907000,2020-01-07,19:05:07,AEST,1011026495500738561,peter90666913,Peter,,‚ÄòExtreme weather‚Äô where the f‚Ä¢ck did this stupid arse grow up - it‚Äôs called summer! Undoubtedly the dumbest politician in Australia #auspol #australiaburns #greensfire  https://www.theage.com.au/national/victoria/not-over-by-a-long-shot-premier-warns-of-more-evacuations-to-come-20200107-p53pjw.html¬†‚Ä¶,[],['https://www.theage.com.au/national/victoria/not-over-by-a-long-shot-premier-warns-of-more-evacuations-to-come-20200107-p53pjw.html'],[],3,11,35,"['#auspol', '#australiaburns', '#greensfire']",[],https://twitter.com/Peter90666913/status/1214473024470020096,False,,0,,,,,,,"[{'user_id': '1011026495500738561', 'username': 'Peter90666913'}]",,,,
1214332873269891072,1214115392391700481,1578354492000,2020-01-07,09:48:12,AEST,196921398,petersmay,Simon Maye #greensfire,,"So when the drought breaks (and they always do) and like Western Australia we reduce the fuel load so there are no major fires, will it still be 'climate change'?

Wasn't Tony Burke responsible for the legislation covering the Murray Darling river system?

#greensfire #auspol2020","['cate_holder', 'gmb', 'piersmorgan', 'susannareid100']",[],[],0,0,0,"['#greensfire', '#auspol2020']",[],https://twitter.com/PeterSMay/status/1214332873269891072,False,,0,,,,,,,"[{'user_id': '196921398', 'username': 'PeterSMay'}, {'user_id': '555679519', 'username': 'Cate_Holder'}, {'user_id': '19424427', 'username': 'GMB'}, {'user_id': '216299334', 'username': 'piersmorgan'}, {'user_id': '19477583', 'username': 'susannareid100'}]",,,,
1214327205376847873,1214115392391700481,1578353141000,2020-01-07,09:25:41,AEST,196921398,petersmay,Simon Maye #greensfire,,"You know what, the majority of Australians support our Prime Minister taking a break with his kids at Christmas.

Please stop trying to divide our nation at a time of crisis, with such irrelevant matters.

#auspol2020 #greensfire","['girrali', 'gmb', 'piersmorgan', 'susannareid100', 'craigkellymp']",[],[],0,0,0,"['#auspol2020', '#greensfire']",[],https://twitter.com/PeterSMay/status/1214327205376847873,False,,0,,,,,,,"[{'user_id': '196921398', 'username': 'PeterSMay'}, {'user_id': '59488559', 'username': 'Girrali'}, {'user_id': '19424427', 'username': 'GMB'}, {'user_id': '216299334', 'username': 'piersmorgan'}, {'user_id': '19477583', 'username': 'susannareid100'}, {'user_id': '211371719', 'username': 'CraigKellyMP'}]",,,,
1214320659200798720,1212910787943026688,1578351580000,2020-01-07,08:59:40,AEST,196921398,petersmay,Simon Maye #greensfire,,It is no longer safe to be seen in public wearing a Greens t-shirt. Public indifference has changed to rage for what the Greens have done to Australia. Hundreds of millions of animals burnt alive. Habitat destroyed. Near extinction for some species. #greensfire  pic.twitter.com/W5Unap5gsF,['mehreenfaruqi'],[],['https://pbs.twimg.com/media/ENoiMiEVAAIjDzc.jpg'],0,0,0,['#greensfire'],[],https://twitter.com/PeterSMay/status/1214320659200798720,False,,0,,,,,,,"[{'user_id': '196921398', 'username': 'PeterSMay'}, {'user_id': '236713668', 'username': 'MehreenFaruqi'}]",,,,
1214318796153864192,1213581365846761472,1578351136000,2020-01-07,08:52:16,AEST,196921398,petersmay,Simon Maye #greensfire,,#greensfire Never vote for them.  pic.twitter.com/w43pJp14BK,['mehreenfaruqi'],[],['https://pbs.twimg.com/media/ENoggTZUUAA9xTj.jpg'],0,0,0,['#greensfire'],[],https://twitter.com/PeterSMay/status/1214318796153864192,False,,0,,,,,,,"[{'user_id': '196921398', 'username': 'PeterSMay'}, {'user_id': '236713668', 'username': 'MehreenFaruqi'}]",,,,
1214287980577165312,1214287980577165312,1578343789000,2020-01-07,06:49:49,AEST,1011026495500738561,peter90666913,Peter,,The #greens doing their firebug dance #australiafire #AustralianWildFires #auspol #greensfire Everyone should know this is their doing  https://twitter.com/endelstamberg/status/1213070973718716418¬†‚Ä¶,[],['https://twitter.com/endelstamberg/status/1213070973718716418'],[],0,0,1,"['#greens', '#australiafire', '#australianwildfires', '#auspol', '#greensfire']",[],https://twitter.com/Peter90666913/status/1214287980577165312,False,https://twitter.com/endelstamberg/status/1213070973718716418,0,,,,,,,"[{'user_id': '1011026495500738561', 'username': 'Peter90666913'}]",,,,
1214086911020523521,1214086911020523521,1578295850000,2020-01-06,17:30:50,AEST,1011026495500738561,peter90666913,Peter,,How right is Victor and how wrong are the idiots like ‚Å¶@AdamBandt‚Å© and Dick DiNutjob- we need to wake up and get rid of this cancerous marketing machine and get back to knowing our country #greensfire ‚Å¶@ScottMorrisonMP‚Å© #auspol #AustraliaBurns  https://volunteerfirefighters.org.au/victor-steffensen-pretty-simple-really¬†‚Ä¶,"['adambandt', 'scottmorrisonmp']",['https://volunteerfirefighters.org.au/victor-steffensen-pretty-simple-really'],[],0,4,10,"['#greensfire', '#auspol', '#australiaburns']",[],https://twitter.com/Peter90666913/status/1214086911020523521,False,,0,,,,,,,"[{'user_id': '1011026495500738561', 'username': 'Peter90666913'}, {'user_id': '25960714', 'username': 'AdamBandt'}, {'user_id': '34116377', 'username': 'ScottMorrisonMP'}]",,,,
1214080448814444544,1214035454992900096,1578294310000,2020-01-06,17:05:10,AEST,196921398,petersmay,Simon Maye #greensfire,,"Greens cause more CO2 emissions than Australian fossil fuels via #greensfire 

Watch their vote die in the coming elections. Indifference turns to hate by all those Aussies impacted in this crisis.",['richarddinatale'],[],[],1,0,1,['#greensfire'],[],https://twitter.com/PeterSMay/status/1214080448814444544,False,,0,,,,,,,"[{'user_id': '196921398', 'username': 'PeterSMay'}, {'user_id': '37611292', 'username': 'RichardDiNatale'}]",,,,
1214067724491448321,1214003810084913152,1578291276000,2020-01-06,16:14:36,AEST,196921398,petersmay,Simon Maye #greensfire,,I dare you to wear a greens t-shirt in public. #greensfire,"['realist', 'spiritui', 'johnnomills']",[],[],0,0,2,['#greensfire'],[],https://twitter.com/PeterSMay/status/1214067724491448321,False,,0,,,,,,,"[{'user_id': '196921398', 'username': 'PeterSMay'}, {'user_id': '5552192', 'username': 'realist'}, {'user_id': '766938659123630080', 'username': 'Spiritui'}, {'user_id': '989432397312610304', 'username': 'JohnnoMills'}]",,,,
1214066902210760704,1214003810084913152,1578291080000,2020-01-06,16:11:20,AEST,196921398,petersmay,Simon Maye #greensfire,,"You are gone at the next election !
Unless you have been lynched before. #greensfire","['adambandt', 'ellinghausen']",[],[],0,0,2,['#greensfire'],[],https://twitter.com/PeterSMay/status/1214066902210760704,False,,0,,,,,,,"[{'user_id': '196921398', 'username': 'PeterSMay'}, {'user_id': '25960714', 'username': 'AdamBandt'}, {'user_id': '323494529', 'username': 'ellinghausen'}]",,,,
1214057928174342144,1214057928174342144,1578288940000,2020-01-06,15:35:40,AEST,1011026495500738561,peter90666913,Peter,,Switcheroo Julie that could be on any side at any time depending on what she thinks is popular showing her ability to state the obvious yet again.there is a need for leadership Julie not irrational panic we are seeing from the #greensfire and media #auspol https://www.news.com.au/national/breaking-news/need-for-climate-change-leadership-bishop/news-story/de74d206333afdb90c9e99c92790cef3¬†‚Ä¶,[],['https://www.news.com.au/national/breaking-news/need-for-climate-change-leadership-bishop/news-story/de74d206333afdb90c9e99c92790cef3'],[],0,4,8,"['#greensfire', '#auspol']",[],https://twitter.com/Peter90666913/status/1214057928174342144,False,,0,,,,,,,"[{'user_id': '1011026495500738561', 'username': 'Peter90666913'}]",,,,
1214034751096442881,1214034751096442881,1578283414000,2020-01-06,14:03:34,AEST,1011026495500738561,peter90666913,Peter,,Peter didn‚Äôt you tell Australia your mate Bill would DEFINITELY win the last election? Still sooking he lost? #auspol #AustralianFires #greensfire  https://twitter.com/vanOnselenP/status/1214032699712622592¬†‚Ä¶,[],['https://twitter.com/vanOnselenP/status/1214032699712622592'],[],14,18,88,"['#auspol', '#australianfires', '#greensfire']",[],https://twitter.com/Peter90666913/status/1214034751096442881,False,https://twitter.com/vanOnselenP/status/1214032699712622592,0,,,,,,,"[{'user_id': '1011026495500738561', 'username': 'Peter90666913'}]",,,,
1213946484791463936,1213925221184335872,1578262370000,2020-01-06,08:12:50,AEST,1011026495500738561,peter90666913,Peter,,Not sure but they need too - the mongrel let the Bruthen fire burn from Dec 3rd as its ‚Äòwasn‚Äôt a threat to people‚Äô - he got that very wrong #auspol #greensfire #AustralianFires,['yodhehwahheh'],[],[],1,0,1,"['#auspol', '#greensfire', '#australianfires']",[],https://twitter.com/Peter90666913/status/1213946484791463936,False,,0,,,,,,,"[{'user_id': '1011026495500738561', 'username': 'Peter90666913'}, {'user_id': '2414002140', 'username': 'yodhehwahheh'}]",,,,
1213937210421997569,1213624912524398593,1578260159000,2020-01-06,07:35:59,AEST,1011026495500738561,peter90666913,Peter,,Yep the greens have a lot to answer for #greensfire,"['songheart', 'vmainard', 'macsween_prue']",[],[],1,0,0,['#greensfire'],[],https://twitter.com/Peter90666913/status/1213937210421997569,False,,0,,,,,,,"[{'user_id': '1011026495500738561', 'username': 'Peter90666913'}, {'user_id': '22580947', 'username': 'Songheart'}, {'user_id': '27397450', 'username': 'vmainard'}, {'user_id': '134646048', 'username': 'macsween_prue'}]",,,,
1213925221184335872,1213925221184335872,1578257301000,2020-01-06,06:48:21,AEST,1011026495500738561,peter90666913,Peter,,Fresh from getting his wish of burning down ‚ÄòGippsland‚Äô Supreme leader #DenialAndrews has vowed to use Chinese money to rebuild it in a more Sudanese style. Allowing it to ocvegrow and become a bbq has worked out for him it appears #auspol #greensfire  https://www.theage.com.au/national/victoria/andrews-promises-to-rebuild-bushfire-ravaged-victoria-20200105-p53p1f.html¬†‚Ä¶,[],['https://www.theage.com.au/national/victoria/andrews-promises-to-rebuild-bushfire-ravaged-victoria-20200105-p53p1f.html'],[],1,3,6,"['#denialandrews', '#auspol', '#greensfire']",[],https://twitter.com/Peter90666913/status/1213925221184335872,False,,0,,,,,,,"[{'user_id': '1011026495500738561', 'username': 'Peter90666913'}]",,,,
1213794135380914176,1213245641679241216,1578226047000,2020-01-05,22:07:27,AEST,196921398,petersmay,Simon Maye #greensfire,,Most cafes don‚Äôt want your type as customers. #greensfire,"['timmysims2017', 'kayleen87686977']",[],[],0,0,0,['#greensfire'],[],https://twitter.com/PeterSMay/status/1213794135380914176,False,,0,,,,,,,"[{'user_id': '196921398', 'username': 'PeterSMay'}, {'user_id': '823349486034399232', 'username': 'TimmySims2017'}, {'user_id': '1213208842378432512', 'username': 'kayleen87686977'}]",,,,
1213793141179813888,1213685622277169154,1578225810000,2020-01-05,22:03:30,AEST,196921398,petersmay,Simon Maye #greensfire,,"#Greensfire Get rid of the Greens.

 https://amp.smh.com.au/national/policy-critics-predicted-inevitable-megafires-20090213-877e.html?__twitter_impression=true¬†‚Ä¶","['kayleen87686977', 'albomp']",['https://amp.smh.com.au/national/policy-critics-predicted-inevitable-megafires-20090213-877e.html?__twitter_impression=true'],[],0,0,0,['#greensfire'],[],https://twitter.com/PeterSMay/status/1213793141179813888,False,,0,,,,,,,"[{'user_id': '196921398', 'username': 'PeterSMay'}, {'user_id': '1213208842378432512', 'username': 'kayleen87686977'}, {'user_id': '254515782', 'username': 'AlboMP'}]",,,,
1213711343070539776,1213711343070539776,1578206308000,2020-01-05,16:38:28,AEST,930224207710920704,thecriticthinks,Editor,,"Afternoon skies in Auckland, New Zealand after Aussie smoke wave hits.  #bushfirecrisis #AustraliaOnFire #AustralianBushfire #greensfire",[],[],[],0,0,0,"['#bushfirecrisis', '#australiaonfire', '#australianbushfire', '#greensfire']",[],https://twitter.com/thecriticthinks/status/1213711343070539776,False,,0,,,,,,,"[{'user_id': '930224207710920704', 'username': 'thecriticthinks'}]",,,,
1213624912524398593,1213624912524398593,1578185701000,2020-01-05,10:55:01,AEST,1011026495500738561,peter90666913,Peter,,"Finally a story that is right about the rubbish going on at the expense of people‚Äôs misery- I hope voters punish the greens and their buddies next election - the RFS is a state funded organisation, often overlooked on attacks on #scomo #auspol #greensfire  https://www.skynews.com.au/details/_6119421105001¬†‚Ä¶",[],['https://www.skynews.com.au/details/_6119421105001'],[],16,80,216,"['#scomo', '#auspol', '#greensfire']",[],https://twitter.com/Peter90666913/status/1213624912524398593,False,,0,,,,,,,"[{'user_id': '1011026495500738561', 'username': 'Peter90666913'}]",,,,
1213607645132623872,1213594810474356737,1578181584000,2020-01-05,09:46:24,AEST,1194460935575887873,fair_dinkum68,üíßshortbacknsides,,#ArsonEmergency #greensfire @QandA called for comrades too burn Australia üòéüëçjust a few weeks ago #defundtheirabc,"['ashghebranious', 'qanda']",[],[],0,0,0,"['#arsonemergency', '#greensfire', '#defundtheirabc']",[],https://twitter.com/fair_dinkum68/status/1213607645132623872,False,,0,,,,,,,"[{'user_id': '1194460935575887873', 'username': 'fair_dinkum68'}, {'user_id': '176749827', 'username': 'AshGhebranious'}, {'user_id': '16213404', 'username': 'QandA'}]",,,,
1213442099380510721,1213442099380510721,1578142115000,2020-01-04,22:48:35,AEST,18746419,freepalestinex,X,,The is no Greens conspiracy #firecrisis #greensfire #auspol https://www.news.com.au/technology/environment/the-debate-over-hazard-reduction-burns-after-catastrophic-fires/news-story/c06b3e6f9bc7429128d03bdf18a40486¬†‚Ä¶,[],['https://www.news.com.au/technology/environment/the-debate-over-hazard-reduction-burns-after-catastrophic-fires/news-story/c06b3e6f9bc7429128d03bdf18a40486'],[],0,0,0,"['#firecrisis', '#greensfire', '#auspol']",[],https://twitter.com/FreePalestineX/status/1213442099380510721,False,,0,,,,,,,"[{'user_id': '18746419', 'username': 'FreePalestineX'}]",,,,
1213409664005595137,1213409664005595137,1578134382000,2020-01-04,20:39:42,AEST,1209710463476322305,banksyinc,Adam Banks,,Voice of reason - Queanbeyan firies explaining in detail how they decide when hazard reduction/back burning is decided. Spoiler alert - it has nothing to do with the greens  #greensfire #backburning #okboomer #AustraliaBushfires pic.twitter.com/dYf12GcahM,[],[],['https://pbs.twimg.com/media/ENblpvaU0AA-PM0.jpg'],0,1,1,"['#greensfire', '#backburning', '#okboomer', '#australiabushfires']",[],https://twitter.com/BanksyInc/status/1213409664005595137,False,,0,,,,,,,"[{'user_id': '1209710463476322305', 'username': 'BanksyInc'}]",,,,
1213400188036902917,1213400188036902917,1578132123000,2020-01-04,20:02:03,AEST,386196459,safe1970,SAFE üá¶üá∫,,"Arson should be treated as an act of #terrorism
#greensfire #ArsonEmergency",[],[],[],0,1,1,"['#terrorism', '#greensfire', '#arsonemergency']",[],https://twitter.com/safe1970/status/1213400188036902917,False,,0,,,,,,,"[{'user_id': '386196459', 'username': 'safe1970'}]",,,,
1213394464124760064,1213352607965569026,1578130758000,2020-01-04,19:39:18,AEST,196921398,petersmay,Simon Maye #greensfire,,"Scomo's finest hour.
#auspol2020 #greensfire #AustraliaBurning",['magdaszubanski'],[],[],0,0,2,"['#auspol2020', '#greensfire', '#australiaburning']",[],https://twitter.com/PeterSMay/status/1213394464124760064,False,,0,,,,,,,"[{'user_id': '196921398', 'username': 'PeterSMay'}, {'user_id': '492034179', 'username': 'MagdaSzubanski'}]",,,,
1213393229975969793,1213328650247950336,1578130464000,2020-01-04,19:34:24,AEST,386196459,safe1970,SAFE üá¶üá∫,,Well he did call for a Royal Commission.... into himself apparently. #ArsonEmergency #greensfire,"['tajbragg', 'richarddinatale']",[],[],0,0,0,"['#arsonemergency', '#greensfire']",[],https://twitter.com/safe1970/status/1213393229975969793,False,,0,,,,,,,"[{'user_id': '386196459', 'username': 'safe1970'}, {'user_id': '823097759649579009', 'username': 'TajBragg'}, {'user_id': '37611292', 'username': 'RichardDiNatale'}]",,,,
1213391436403527681,1213391436403527681,1578130036000,2020-01-04,19:27:16,AEST,1126300495306301440,ld89057334,‚ìÅ‚íπ,,"#Greens are not responsible. #greensfire is not a thing.

Take it from those who know and those whose interest is in protecting the community & minimising the risks to their own lives while doing so.

#AustralianBushfire #AustraliaOnFire https://twitter.com/plesbilongmi/status/1213354888932904960¬†‚Ä¶",[],['https://twitter.com/plesbilongmi/status/1213354888932904960'],[],0,0,0,"['#greens', '#greensfire', '#australianbushfire', '#australiaonfire']",[],https://twitter.com/LD89057334/status/1213391436403527681,False,https://twitter.com/plesbilongmi/status/1213354888932904960,0,,,,,,,"[{'user_id': '1126300495306301440', 'username': 'LD89057334'}]",,,,
1213323783513051138,1213323783513051138,1578113907000,2020-01-04,14:58:27,AEST,2476772833,techbayviking2,Davo and üÖ±Ô∏èEER,,Same energy #bugmen #SoyBoy #greensfire  pic.twitter.com/EQVxOxgAEU,[],[],"['https://pbs.twimg.com/media/ENaXinWVAAAbjYa.jpg', 'https://pbs.twimg.com/media/ENaXi98VAAAtmrn.jpg']",0,1,2,"['#bugmen', '#soyboy', '#greensfire']",[],https://twitter.com/techbayviking2/status/1213323783513051138,False,,0,,,,,,,"[{'user_id': '2476772833', 'username': 'techbayviking2'}]",,,,
1213302964795797504,1212523804620152832,1578108943000,2020-01-04,13:35:43,AEST,838277207441055746,travellingagro,TheTravellingAgro,,Please do not give ‚Äúperspective‚Äù on topics you know nothing about . These fires are not large by comparison to historical fire fronts. They are deliberately lit by arsonists. The fuel load is a result of #green policies who have blood on their hands! #greensmustgo #greensfire,['manwithoutatan'],[],[],0,0,0,"['#green', '#greensmustgo', '#greensfire']",[],https://twitter.com/TravellingAgro/status/1213302964795797504,False,,0,,,,,,,"[{'user_id': '838277207441055746', 'username': 'TravellingAgro'}, {'user_id': '378332141', 'username': 'manwithoutatan'}]",,,,
1213284540656996352,1213284540656996352,1578104550000,2020-01-04,12:22:30,AEST,4329292820,sheelf_1,SheElf,,Seem the #greens have no bounds to their delirium. It is at the point where they have become a real danger to normal Australians. When the fires subside.. blame must be placed where the blame lies #greensfire #ArsonEmergency https://twitter.com/bushplato/status/1213279419151736832¬†‚Ä¶,[],['https://twitter.com/bushplato/status/1213279419151736832'],[],2,10,26,"['#greens', '#greensfire', '#arsonemergency']",[],https://twitter.com/SheElf_1/status/1213284540656996352,False,https://twitter.com/bushplato/status/1213279419151736832,0,,,,,,,"[{'user_id': '4329292820', 'username': 'SheElf_1'}]",,,,
1213257589774942209,1213257589774942209,1578098125000,2020-01-04,10:35:25,AEST,1011026495500738561,peter90666913,Peter,,#auspol #AustraliaBurning #PrayForAustralia #greensfire #smh @DanielAndrewsMP needs to take full responsibility for the situation in Victoria - the Bruthen fire was let burn ‚Äòdue to little threat to population‚Äô well that changed after 3 weeks of that approach! https://twitter.com/Peter90666913/status/1213251450454728704¬†‚Ä¶,['danielandrewsmp'],['https://twitter.com/Peter90666913/status/1213251450454728704'],[],1,9,11,"['#auspol', '#australiaburning', '#prayforaustralia', '#greensfire', '#smh']",[],https://twitter.com/Peter90666913/status/1213257589774942209,False,https://twitter.com/Peter90666913/status/1213251450454728704,0,,,,,,,"[{'user_id': '1011026495500738561', 'username': 'Peter90666913'}, {'user_id': '228535666', 'username': 'DanielAndrewsMP'}]",,,,
1213250229421502465,1213248410964250624,1578096370000,2020-01-04,10:06:10,AEST,1148543569642188800,pullinbracken,PullinBracken,,"Great article @AStrongerOZ 
I‚Äôm going to rt to some #EcoTerrorism #greensfire #AustraliaOnFire #AustraliaBurning #ScottMorrisonMP #ArsonEmergency #sharon","['astrongeroz', 'jamesdelingpole', 'greens']",[],[],0,0,0,"['#ecoterrorism', '#greensfire', '#australiaonfire', '#australiaburning', '#scottmorrisonmp', '#arsonemergency', '#sharon']",[],https://twitter.com/pullinbracken/status/1213250229421502465,False,,0,,,,,,,"[{'user_id': '1148543569642188800', 'username': 'pullinbracken'}, {'user_id': '4644292634', 'username': 'AStrongerOZ'}, {'user_id': '15798091', 'username': 'JamesDelingpole'}, {'user_id': '7900732', 'username': 'Greens'}]",,,,
1213217484855070720,1213217484855070720,1578088563000,2020-01-04,07:56:03,AEST,2285034294,pazrahn,[‚Ä¢] p üî∫ z r üî∫ h n,,"Create a Problem, Reaction, Solution. Deliberately Lit ARSON. The ones screaming the loudest about Climate Change are CLIMATE TERRORISTS. #Auspol #Scomo #NSWFires #AustraliaOnFire #ClimateTerror #ClimateTerrorism #Sydney #GreensFire #Melbourne #Brisbane #Arson https://twitter.com/paulmuaddib61/status/1204766234597830656¬†‚Ä¶",[],['https://twitter.com/paulmuaddib61/status/1204766234597830656'],[],0,1,2,"['#auspol', '#scomo', '#nswfires', '#australiaonfire', '#climateterror', '#climateterrorism', '#sydney', '#greensfire', '#melbourne', '#brisbane', '#arson']",[],https://twitter.com/pazrahn/status/1213217484855070720,False,https://twitter.com/paulmuaddib61/status/1204766234597830656,0,,,,,,,"[{'user_id': '2285034294', 'username': 'pazrahn'}]",,,,
1214724106676891648,1214444532009295873,1578447770000,2020-01-08,11:42:50,AEST,1194460935575887873,fair_dinkum68,üíßshortbacknsides,,"#stopthegreens #ArsonEmergency
#greensfire",['mrobertsqld'],[],[],0,0,0,"['#stopthegreens', '#arsonemergency', '#greensfire']",[],https://twitter.com/fair_dinkum68/status/1214724106676891648,False,,0,,,,,,,"[{'user_id': '1194460935575887873', 'username': 'fair_dinkum68'}, {'user_id': '762470063261704192', 'username': 'MRobertsQLD'}]",,,,
1214722833927962624,1214722833927962624,1578447466000,2020-01-08,11:37:46,AEST,1011026495500738561,peter90666913,Peter,,Wow so we are going to have below average heat in feb and March......bet this isn‚Äôt given the same emotional thrashing as a few hit days in December ie Summer #auspol could it be simply a weather cycle? #AustralianBushfiresDisaster #greensfire  https://www.smh.com.au/environment/weather/signs-heat-may-have-peaked-as-outlook-shifts-to-milder-wetter-weather-20200107-p53pk0.html¬†‚Ä¶,[],['https://www.smh.com.au/environment/weather/signs-heat-may-have-peaked-as-outlook-shifts-to-milder-wetter-weather-20200107-p53pk0.html'],[],5,23,58,"['#auspol', '#australianbushfiresdisaster', '#greensfire']",[],https://twitter.com/Peter90666913/status/1214722833927962624,False,,0,,,,,,,"[{'user_id': '1011026495500738561', 'username': 'Peter90666913'}]",,,,
1214707322284462081,1214707322284462081,1578443768000,2020-01-08,10:36:08,AEST,1011026495500738561,peter90666913,Peter,,It‚Äôs sad when you are trying to recover from a mess you helped create by bending over to your Green  masters while PM and letting our bush get out of control isn‚Äôt Kevin #auspol I‚Äôm not sure the 2 dollars you got from your auction will help #AustraliaisBurning #greensfire  https://twitter.com/caldronpool/status/1214705514707243008¬†‚Ä¶,[],['https://twitter.com/caldronpool/status/1214705514707243008'],[],1,3,6,"['#auspol', '#australiaisburning', '#greensfire']",[],https://twitter.com/Peter90666913/status/1214707322284462081,False,https://twitter.com/CaldronPool/status/1214705514707243008,0,,,,,,,"[{'user_id': '1011026495500738561', 'username': 'Peter90666913'}]",,,,
1214667173546692608,1214640704078536704,1578434196000,2020-01-08,07:56:36,AEST,1194460935575887873,fair_dinkum68,üíßshortbacknsides,,Very true ignition #ArsonEmergency fuel loads #greensfire,['amtvmedia'],[],[],0,0,0,"['#arsonemergency', '#greensfire']",[],https://twitter.com/fair_dinkum68/status/1214667173546692608,False,,0,,,,,,,"[{'user_id': '1194460935575887873', 'username': 'fair_dinkum68'}, {'user_id': '183036873', 'username': 'amtvmedia'}]",,,,
1214665221123362816,1214492210982354944,1578433730000,2020-01-08,07:48:50,AEST,1194460935575887873,fair_dinkum68,üíßshortbacknsides,,That's easy ignition was #ArsonEmergency and fuel loads was #greensfire,['catrollison'],[],[],0,0,1,"['#arsonemergency', '#greensfire']",[],https://twitter.com/fair_dinkum68/status/1214665221123362816,False,,0,,,,,,,"[{'user_id': '1194460935575887873', 'username': 'fair_dinkum68'}, {'user_id': '259959417', 'username': 'catrollison'}]",,,,
1214659990369161216,1214659990369161216,1578432483000,2020-01-08,07:28:03,AEST,1011026495500738561,peter90666913,Peter,,"Ray, who has 10000 followers and is very very important, coming to grips with who devastating the #Greensfire and terrible bush management has been...The ALP bent over to the Greens when in power and look at the result....#auspol #AustraliaisBurning https://twitter.com/raywilton4/status/1214592838568157184¬†‚Ä¶",[],['https://twitter.com/raywilton4/status/1214592838568157184'],[],1,3,4,"['#greensfire', '#auspol', '#australiaisburning']",[],https://twitter.com/Peter90666913/status/1214659990369161216,False,https://twitter.com/raywilton4/status/1214592838568157184,0,,,,,,,"[{'user_id': '1011026495500738561', 'username': 'Peter90666913'}]",,,,
1214658710825365504,1214576823893405697,1578432178000,2020-01-08,07:22:58,AEST,1194460935575887873,fair_dinkum68,üíßshortbacknsides,,#ArsonEmergency #greensfire,['education4libs'],[],[],0,0,0,"['#arsonemergency', '#greensfire']",[],https://twitter.com/fair_dinkum68/status/1214658710825365504,False,,0,,,,,,,"[{'user_id': '1194460935575887873', 'username': 'fair_dinkum68'}, {'user_id': '817661098988019712', 'username': 'Education4Libs'}]",,,,
1214653141372653568,1214653141372653568,1578430850000,2020-01-08,07:00:50,AEST,1011026495500738561,peter90666913,Peter,,"Not only do fire victims of the #greensfire ridiculous bush management policies have contend with losing everything , deadhead lefty parent leave their moronic teenagers out to loot...shooting seems fair #looting #auspol #AustralianBushfiresDisaster https://www.illawarramercury.com.au/story/6568882/three-charged-as-police-patrol-south-coast-fire-grounds-for-looters/¬†‚Ä¶",[],['https://www.illawarramercury.com.au/story/6568882/three-charged-as-police-patrol-south-coast-fire-grounds-for-looters/'],[],1,7,18,"['#greensfire', '#looting', '#auspol', '#australianbushfiresdisaster']",[],https://twitter.com/Peter90666913/status/1214653141372653568,False,,0,,,,,,,"[{'user_id': '1011026495500738561', 'username': 'Peter90666913'}]",,,,
1214473024470020096,1214473024470020096,1578387907000,2020-01-07,19:05:07,AEST,1011026495500738561,peter90666913,Peter,,‚ÄòExtreme weather‚Äô where the f‚Ä¢ck did this stupid arse grow up - it‚Äôs called summer! Undoubtedly the dumbest politician in Australia #auspol #australiaburns #greensfire  https://www.theage.com.au/national/victoria/not-over-by-a-long-shot-premier-warns-of-more-evacuations-to-come-20200107-p53pjw.html¬†‚Ä¶,[],['https://www.theage.com.au/national/victoria/not-over-by-a-long-shot-premier-warns-of-more-evacuations-to-come-20200107-p53pjw.html'],[],3,11,35,"['#auspol', '#australiaburns', '#greensfire']",[],https://twitter.com/Peter90666913/status/1214473024470020096,False,,0,,,,,,,"[{'user_id': '1011026495500738561', 'username': 'Peter90666913'}]",,,,
1214332873269891072,1214115392391700481,1578354492000,2020-01-07,09:48:12,AEST,196921398,petersmay,Simon Maye #greensfire,,"So when the drought breaks (and they always do) and like Western Australia we reduce the fuel load so there are no major fires, will it still be 'climate change'?

Wasn't Tony Burke responsible for the legislation covering the Murray Darling river system?

#greensfire #auspol2020","['cate_holder', 'gmb', 'piersmorgan', 'susannareid100']",[],[],0,0,0,"['#greensfire', '#auspol2020']",[],https://twitter.com/PeterSMay/status/1214332873269891072,False,,0,,,,,,,"[{'user_id': '196921398', 'username': 'PeterSMay'}, {'user_id': '555679519', 'username': 'Cate_Holder'}, {'user_id': '19424427', 'username': 'GMB'}, {'user_id': '216299334', 'username': 'piersmorgan'}, {'user_id': '19477583', 'username': 'susannareid100'}]",,,,
1214327205376847873,1214115392391700481,1578353141000,2020-01-07,09:25:41,AEST,196921398,petersmay,Simon Maye #greensfire,,"You know what, the majority of Australians support our Prime Minister taking a break with his kids at Christmas.

Please stop trying to divide our nation at a time of crisis, with such irrelevant matters.

#auspol2020 #greensfire","['girrali', 'gmb', 'piersmorgan', 'susannareid100', 'craigkellymp']",[],[],0,0,0,"['#auspol2020', '#greensfire']",[],https://twitter.com/PeterSMay/status/1214327205376847873,False,,0,,,,,,,"[{'user_id': '196921398', 'username': 'PeterSMay'}, {'user_id': '59488559', 'username': 'Girrali'}, {'user_id': '19424427', 'username': 'GMB'}, {'user_id': '216299334', 'username': 'piersmorgan'}, {'user_id': '19477583', 'username': 'susannareid100'}, {'user_id': '211371719', 'username': 'CraigKellyMP'}]",,,,
1214320659200798720,1212910787943026688,1578351580000,2020-01-07,08:59:40,AEST,196921398,petersmay,Simon Maye #greensfire,,It is no longer safe to be seen in public wearing a Greens t-shirt. Public indifference has changed to rage for what the Greens have done to Australia. Hundreds of millions of animals burnt alive. Habitat destroyed. Near extinction for some species. #greensfire  pic.twitter.com/W5Unap5gsF,['mehreenfaruqi'],[],['https://pbs.twimg.com/media/ENoiMiEVAAIjDzc.jpg'],0,0,0,['#greensfire'],[],https://twitter.com/PeterSMay/status/1214320659200798720,False,,0,,,,,,,"[{'user_id': '196921398', 'username': 'PeterSMay'}, {'user_id': '236713668', 'username': 'MehreenFaruqi'}]",,,,
1214318796153864192,1213581365846761472,1578351136000,2020-01-07,08:52:16,AEST,196921398,petersmay,Simon Maye #greensfire,,#greensfire Never vote for them.  pic.twitter.com/w43pJp14BK,['mehreenfaruqi'],[],['https://pbs.twimg.com/media/ENoggTZUUAA9xTj.jpg'],0,0,0,['#greensfire'],[],https://twitter.com/PeterSMay/status/1214318796153864192,False,,0,,,,,,,"[{'user_id': '196921398', 'username': 'PeterSMay'}, {'user_id': '236713668', 'username': 'MehreenFaruqi'}]",,,,
1214287980577165312,1214287980577165312,1578343789000,2020-01-07,06:49:49,AEST,1011026495500738561,peter90666913,Peter,,The #greens doing their firebug dance #australiafire #AustralianWildFires #auspol #greensfire Everyone should know this is their doing  https://twitter.com/endelstamberg/status/1213070973718716418¬†‚Ä¶,[],['https://twitter.com/endelstamberg/status/1213070973718716418'],[],0,0,1,"['#greens', '#australiafire', '#australianwildfires', '#auspol', '#greensfire']",[],https://twitter.com/Peter90666913/status/1214287980577165312,False,https://twitter.com/endelstamberg/status/1213070973718716418,0,,,,,,,"[{'user_id': '1011026495500738561', 'username': 'Peter90666913'}]",,,,
1214086911020523521,1214086911020523521,1578295850000,2020-01-06,17:30:50,AEST,1011026495500738561,peter90666913,Peter,,How right is Victor and how wrong are the idiots like ‚Å¶@AdamBandt‚Å© and Dick DiNutjob- we need to wake up and get rid of this cancerous marketing machine and get back to knowing our country #greensfire ‚Å¶@ScottMorrisonMP‚Å© #auspol #AustraliaBurns  https://volunteerfirefighters.org.au/victor-steffensen-pretty-simple-really¬†‚Ä¶,"['adambandt', 'scottmorrisonmp']",['https://volunteerfirefighters.org.au/victor-steffensen-pretty-simple-really'],[],0,4,10,"['#greensfire', '#auspol', '#australiaburns']",[],https://twitter.com/Peter90666913/status/1214086911020523521,False,,0,,,,,,,"[{'user_id': '1011026495500738561', 'username': 'Peter90666913'}, {'user_id': '25960714', 'username': 'AdamBandt'}, {'user_id': '34116377', 'username': 'ScottMorrisonMP'}]",,,,
1214080448814444544,1214035454992900096,1578294310000,2020-01-06,17:05:10,AEST,196921398,petersmay,Simon Maye #greensfire,,"Greens cause more CO2 emissions than Australian fossil fuels via #greensfire 

Watch their vote die in the coming elections. Indifference turns to hate by all those Aussies impacted in this crisis.",['richarddinatale'],[],[],1,0,1,['#greensfire'],[],https://twitter.com/PeterSMay/status/1214080448814444544,False,,0,,,,,,,"[{'user_id': '196921398', 'username': 'PeterSMay'}, {'user_id': '37611292', 'username': 'RichardDiNatale'}]",,,,
1214067724491448321,1214003810084913152,1578291276000,2020-01-06,16:14:36,AEST,196921398,petersmay,Simon Maye #greensfire,,I dare you to wear a greens t-shirt in public. #greensfire,"['realist', 'spiritui', 'johnnomills']",[],[],0,0,2,['#greensfire'],[],https://twitter.com/PeterSMay/status/1214067724491448321,False,,0,,,,,,,"[{'user_id': '196921398', 'username': 'PeterSMay'}, {'user_id': '5552192', 'username': 'realist'}, {'user_id': '766938659123630080', 'username': 'Spiritui'}, {'user_id': '989432397312610304', 'username': 'JohnnoMills'}]",,,,
1214066902210760704,1214003810084913152,1578291080000,2020-01-06,16:11:20,AEST,196921398,petersmay,Simon Maye #greensfire,,"You are gone at the next election !
Unless you have been lynched before. #greensfire","['adambandt', 'ellinghausen']",[],[],0,0,2,['#greensfire'],[],https://twitter.com/PeterSMay/status/1214066902210760704,False,,0,,,,,,,"[{'user_id': '196921398', 'username': 'PeterSMay'}, {'user_id': '25960714', 'username': 'AdamBandt'}, {'user_id': '323494529', 'username': 'ellinghausen'}]",,,,
1214057928174342144,1214057928174342144,1578288940000,2020-01-06,15:35:40,AEST,1011026495500738561,peter90666913,Peter,,Switcheroo Julie that could be on any side at any time depending on what she thinks is popular showing her ability to state the obvious yet again.there is a need for leadership Julie not irrational panic we are seeing from the #greensfire and media #auspol https://www.news.com.au/national/breaking-news/need-for-climate-change-leadership-bishop/news-story/de74d206333afdb90c9e99c92790cef3¬†‚Ä¶,[],['https://www.news.com.au/national/breaking-news/need-for-climate-change-leadership-bishop/news-story/de74d206333afdb90c9e99c92790cef3'],[],0,4,8,"['#greensfire', '#auspol']",[],https://twitter.com/Peter90666913/status/1214057928174342144,False,,0,,,,,,,"[{'user_id': '1011026495500738561', 'username': 'Peter90666913'}]",,,,
1214034751096442881,1214034751096442881,1578283414000,2020-01-06,14:03:34,AEST,1011026495500738561,peter90666913,Peter,,Peter didn‚Äôt you tell Australia your mate Bill would DEFINITELY win the last election? Still sooking he lost? #auspol #AustralianFires #greensfire  https://twitter.com/vanOnselenP/status/1214032699712622592¬†‚Ä¶,[],['https://twitter.com/vanOnselenP/status/1214032699712622592'],[],14,18,88,"['#auspol', '#australianfires', '#greensfire']",[],https://twitter.com/Peter90666913/status/1214034751096442881,False,https://twitter.com/vanOnselenP/status/1214032699712622592,0,,,,,,,"[{'user_id': '1011026495500738561', 'username': 'Peter90666913'}]",,,,
1213946484791463936,1213925221184335872,1578262370000,2020-01-06,08:12:50,AEST,1011026495500738561,peter90666913,Peter,,Not sure but they need too - the mongrel let the Bruthen fire burn from Dec 3rd as its ‚Äòwasn‚Äôt a threat to people‚Äô - he got that very wrong #auspol #greensfire #AustralianFires,['yodhehwahheh'],[],[],1,0,1,"['#auspol', '#greensfire', '#australianfires']",[],https://twitter.com/Peter90666913/status/1213946484791463936,False,,0,,,,,,,"[{'user_id': '1011026495500738561', 'username': 'Peter90666913'}, {'user_id': '2414002140', 'username': 'yodhehwahheh'}]",,,,
1213937210421997569,1213624912524398593,1578260159000,2020-01-06,07:35:59,AEST,1011026495500738561,peter90666913,Peter,,Yep the greens have a lot to answer for #greensfire,"['songheart', 'vmainard', 'macsween_prue']",[],[],1,0,0,['#greensfire'],[],https://twitter.com/Peter90666913/status/1213937210421997569,False,,0,,,,,,,"[{'user_id': '1011026495500738561', 'username': 'Peter90666913'}, {'user_id': '22580947', 'username': 'Songheart'}, {'user_id': '27397450', 'username': 'vmainard'}, {'user_id': '134646048', 'username': 'macsween_prue'}]",,,,
1213925221184335872,1213925221184335872,1578257301000,2020-01-06,06:48:21,AEST,1011026495500738561,peter90666913,Peter,,Fresh from getting his wish of burning down ‚ÄòGippsland‚Äô Supreme leader #DenialAndrews has vowed to use Chinese money to rebuild it in a more Sudanese style. Allowing it to ocvegrow and become a bbq has worked out for him it appears #auspol #greensfire  https://www.theage.com.au/national/victoria/andrews-promises-to-rebuild-bushfire-ravaged-victoria-20200105-p53p1f.html¬†‚Ä¶,[],['https://www.theage.com.au/national/victoria/andrews-promises-to-rebuild-bushfire-ravaged-victoria-20200105-p53p1f.html'],[],1,3,6,"['#denialandrews', '#auspol', '#greensfire']",[],https://twitter.com/Peter90666913/status/1213925221184335872,False,,0,,,,,,,"[{'user_id': '1011026495500738561', 'username': 'Peter90666913'}]",,,,
1213794135380914176,1213245641679241216,1578226047000,2020-01-05,22:07:27,AEST,196921398,petersmay,Simon Maye #greensfire,,Most cafes don‚Äôt want your type as customers. #greensfire,"['timmysims2017', 'kayleen87686977']",[],[],0,0,0,['#greensfire'],[],https://twitter.com/PeterSMay/status/1213794135380914176,False,,0,,,,,,,"[{'user_id': '196921398', 'username': 'PeterSMay'}, {'user_id': '823349486034399232', 'username': 'TimmySims2017'}, {'user_id': '1213208842378432512', 'username': 'kayleen87686977'}]",,,,
1213793141179813888,1213685622277169154,1578225810000,2020-01-05,22:03:30,AEST,196921398,petersmay,Simon Maye #greensfire,,"#Greensfire Get rid of the Greens.

 https://amp.smh.com.au/national/policy-critics-predicted-inevitable-megafires-20090213-877e.html?__twitter_impression=true¬†‚Ä¶","['kayleen87686977', 'albomp']",['https://amp.smh.com.au/national/policy-critics-predicted-inevitable-megafires-20090213-877e.html?__twitter_impression=true'],[],0,0,0,['#greensfire'],[],https://twitter.com/PeterSMay/status/1213793141179813888,False,,0,,,,,,,"[{'user_id': '196921398', 'username': 'PeterSMay'}, {'user_id': '1213208842378432512', 'username': 'kayleen87686977'}, {'user_id': '254515782', 'username': 'AlboMP'}]",,,,
1213711343070539776,1213711343070539776,1578206308000,2020-01-05,16:38:28,AEST,930224207710920704,thecriticthinks,Editor,,"Afternoon skies in Auckland, New Zealand after Aussie smoke wave hits.  #bushfirecrisis #AustraliaOnFire #AustralianBushfire #greensfire",[],[],[],0,0,0,"['#bushfirecrisis', '#australiaonfire', '#australianbushfire', '#greensfire']",[],https://twitter.com/thecriticthinks/status/1213711343070539776,False,,0,,,,,,,"[{'user_id': '930224207710920704', 'username': 'thecriticthinks'}]",,,,
1213624912524398593,1213624912524398593,1578185701000,2020-01-05,10:55:01,AEST,1011026495500738561,peter90666913,Peter,,"Finally a story that is right about the rubbish going on at the expense of people‚Äôs misery- I hope voters punish the greens and their buddies next election - the RFS is a state funded organisation, often overlooked on attacks on #scomo #auspol #greensfire  https://www.skynews.com.au/details/_6119421105001¬†‚Ä¶",[],['https://www.skynews.com.au/details/_6119421105001'],[],16,80,216,"['#scomo', '#auspol', '#greensfire']",[],https://twitter.com/Peter90666913/status/1213624912524398593,False,,0,,,,,,,"[{'user_id': '1011026495500738561', 'username': 'Peter90666913'}]",,,,
1213607645132623872,1213594810474356737,1578181584000,2020-01-05,09:46:24,AEST,1194460935575887873,fair_dinkum68,üíßshortbacknsides,,#ArsonEmergency #greensfire @QandA called for comrades too burn Australia üòéüëçjust a few weeks ago #defundtheirabc,"['ashghebranious', 'qanda']",[],[],0,0,0,"['#arsonemergency', '#greensfire', '#defundtheirabc']",[],https://twitter.com/fair_dinkum68/status/1213607645132623872,False,,0,,,,,,,"[{'user_id': '1194460935575887873', 'username': 'fair_dinkum68'}, {'user_id': '176749827', 'username': 'AshGhebranious'}, {'user_id': '16213404', 'username': 'QandA'}]",,,,
1213442099380510721,1213442099380510721,1578142115000,2020-01-04,22:48:35,AEST,18746419,freepalestinex,X,,The is no Greens conspiracy #firecrisis #greensfire #auspol https://www.news.com.au/technology/environment/the-debate-over-hazard-reduction-burns-after-catastrophic-fires/news-story/c06b3e6f9bc7429128d03bdf18a40486¬†‚Ä¶,[],['https://www.news.com.au/technology/environment/the-debate-over-hazard-reduction-burns-after-catastrophic-fires/news-story/c06b3e6f9bc7429128d03bdf18a40486'],[],0,0,0,"['#firecrisis', '#greensfire', '#auspol']",[],https://twitter.com/FreePalestineX/status/1213442099380510721,False,,0,,,,,,,"[{'user_id': '18746419', 'username': 'FreePalestineX'}]",,,,
1213409664005595137,1213409664005595137,1578134382000,2020-01-04,20:39:42,AEST,1209710463476322305,banksyinc,Adam Banks,,Voice of reason - Queanbeyan firies explaining in detail how they decide when hazard reduction/back burning is decided. Spoiler alert - it has nothing to do with the greens  #greensfire #backburning #okboomer #AustraliaBushfires pic.twitter.com/dYf12GcahM,[],[],['https://pbs.twimg.com/media/ENblpvaU0AA-PM0.jpg'],0,1,1,"['#greensfire', '#backburning', '#okboomer', '#australiabushfires']",[],https://twitter.com/BanksyInc/status/1213409664005595137,False,,0,,,,,,,"[{'user_id': '1209710463476322305', 'username': 'BanksyInc'}]",,,,
1213400188036902917,1213400188036902917,1578132123000,2020-01-04,20:02:03,AEST,386196459,safe1970,SAFE üá¶üá∫,,"Arson should be treated as an act of #terrorism
#greensfire #ArsonEmergency",[],[],[],0,1,1,"['#terrorism', '#greensfire', '#arsonemergency']",[],https://twitter.com/safe1970/status/1213400188036902917,False,,0,,,,,,,"[{'user_id': '386196459', 'username': 'safe1970'}]",,,,
1213394464124760064,1213352607965569026,1578130758000,2020-01-04,19:39:18,AEST,196921398,petersmay,Simon Maye #greensfire,,"Scomo's finest hour.
#auspol2020 #greensfire #AustraliaBurning",['magdaszubanski'],[],[],0,0,2,"['#auspol2020', '#greensfire', '#australiaburning']",[],https://twitter.com/PeterSMay/status/1213394464124760064,False,,0,,,,,,,"[{'user_id': '196921398', 'username': 'PeterSMay'}, {'user_id': '492034179', 'username': 'MagdaSzubanski'}]",,,,
1213393229975969793,1213328650247950336,1578130464000,2020-01-04,19:34:24,AEST,386196459,safe1970,SAFE üá¶üá∫,,Well he did call for a Royal Commission.... into himself apparently. #ArsonEmergency #greensfire,"['tajbragg', 'richarddinatale']",[],[],0,0,0,"['#arsonemergency', '#greensfire']",[],https://twitter.com/safe1970/status/1213393229975969793,False,,0,,,,,,,"[{'user_id': '386196459', 'username': 'safe1970'}, {'user_id': '823097759649579009', 'username': 'TajBragg'}, {'user_id': '37611292', 'username': 'RichardDiNatale'}]",,,,
1213391436403527681,1213391436403527681,1578130036000,2020-01-04,19:27:16,AEST,1126300495306301440,ld89057334,‚ìÅ‚íπ,,"#Greens are not responsible. #greensfire is not a thing.

Take it from those who know and those whose interest is in protecting the community & minimising the risks to their own lives while doing so.

#AustralianBushfire #AustraliaOnFire https://twitter.com/plesbilongmi/status/1213354888932904960¬†‚Ä¶",[],['https://twitter.com/plesbilongmi/status/1213354888932904960'],[],0,0,0,"['#greens', '#greensfire', '#australianbushfire', '#australiaonfire']",[],https://twitter.com/LD89057334/status/1213391436403527681,False,https://twitter.com/plesbilongmi/status/1213354888932904960,0,,,,,,,"[{'user_id': '1126300495306301440', 'username': 'LD89057334'}]",,,,
1213323783513051138,1213323783513051138,1578113907000,2020-01-04,14:58:27,AEST,2476772833,techbayviking2,Davo and üÖ±Ô∏èEER,,Same energy #bugmen #SoyBoy #greensfire  pic.twitter.com/EQVxOxgAEU,[],[],"['https://pbs.twimg.com/media/ENaXinWVAAAbjYa.jpg', 'https://pbs.twimg.com/media/ENaXi98VAAAtmrn.jpg']",0,1,2,"['#bugmen', '#soyboy', '#greensfire']",[],https://twitter.com/techbayviking2/status/1213323783513051138,False,,0,,,,,,,"[{'user_id': '2476772833', 'username': 'techbayviking2'}]",,,,
1213302964795797504,1212523804620152832,1578108943000,2020-01-04,13:35:43,AEST,838277207441055746,travellingagro,TheTravellingAgro,,Please do not give ‚Äúperspective‚Äù on topics you know nothing about . These fires are not large by comparison to historical fire fronts. They are deliberately lit by arsonists. The fuel load is a result of #green policies who have blood on their hands! #greensmustgo #greensfire,['manwithoutatan'],[],[],0,0,0,"['#green', '#greensmustgo', '#greensfire']",[],https://twitter.com/TravellingAgro/status/1213302964795797504,False,,0,,,,,,,"[{'user_id': '838277207441055746', 'username': 'TravellingAgro'}, {'user_id': '378332141', 'username': 'manwithoutatan'}]",,,,
1213284540656996352,1213284540656996352,1578104550000,2020-01-04,12:22:30,AEST,4329292820,sheelf_1,SheElf,,Seem the #greens have no bounds to their delirium. It is at the point where they have become a real danger to normal Australians. When the fires subside.. blame must be placed where the blame lies #greensfire #ArsonEmergency https://twitter.com/bushplato/status/1213279419151736832¬†‚Ä¶,[],['https://twitter.com/bushplato/status/1213279419151736832'],[],2,10,26,"['#greens', '#greensfire', '#arsonemergency']",[],https://twitter.com/SheElf_1/status/1213284540656996352,False,https://twitter.com/bushplato/status/1213279419151736832,0,,,,,,,"[{'user_id': '4329292820', 'username': 'SheElf_1'}]",,,,
1213257589774942209,1213257589774942209,1578098125000,2020-01-04,10:35:25,AEST,1011026495500738561,peter90666913,Peter,,#auspol #AustraliaBurning #PrayForAustralia #greensfire #smh @DanielAndrewsMP needs to take full responsibility for the situation in Victoria - the Bruthen fire was let burn ‚Äòdue to little threat to population‚Äô well that changed after 3 weeks of that approach! https://twitter.com/Peter90666913/status/1213251450454728704¬†‚Ä¶,['danielandrewsmp'],['https://twitter.com/Peter90666913/status/1213251450454728704'],[],1,9,11,"['#auspol', '#australiaburning', '#prayforaustralia', '#greensfire', '#smh']",[],https://twitter.com/Peter90666913/status/1213257589774942209,False,https://twitter.com/Peter90666913/status/1213251450454728704,0,,,,,,,"[{'user_id': '1011026495500738561', 'username': 'Peter90666913'}, {'user_id': '228535666', 'username': 'DanielAndrewsMP'}]",,,,
1213250229421502465,1213248410964250624,1578096370000,2020-01-04,10:06:10,AEST,1148543569642188800,pullinbracken,PullinBracken,,"Great article @AStrongerOZ 
I‚Äôm going to rt to some #EcoTerrorism #greensfire #AustraliaOnFire #AustraliaBurning #ScottMorrisonMP #ArsonEmergency #sharon","['astrongeroz', 'jamesdelingpole', 'greens']",[],[],0,0,0,"['#ecoterrorism', '#greensfire', '#australiaonfire', '#australiaburning', '#scottmorrisonmp', '#arsonemergency', '#sharon']",[],https://twitter.com/pullinbracken/status/1213250229421502465,False,,0,,,,,,,"[{'user_id': '1148543569642188800', 'username': 'pullinbracken'}, {'user_id': '4644292634', 'username': 'AStrongerOZ'}, {'user_id': '15798091', 'username': 'JamesDelingpole'}, {'user_id': '7900732', 'username': 'Greens'}]",,,,
1213217484855070720,1213217484855070720,1578088563000,2020-01-04,07:56:03,AEST,2285034294,pazrahn,[‚Ä¢] p üî∫ z r üî∫ h n,,"Create a Problem, Reaction, Solution. Deliberately Lit ARSON. The ones screaming the loudest about Climate Change are CLIMATE TERRORISTS. #Auspol #Scomo #NSWFires #AustraliaOnFire #ClimateTerror #ClimateTerrorism #Sydney #GreensFire #Melbourne #Brisbane #Arson https://twitter.com/paulmuaddib61/status/1204766234597830656¬†‚Ä¶",[],['https://twitter.com/paulmuaddib61/status/1204766234597830656'],[],0,1,2,"['#auspol', '#scomo', '#nswfires', '#australiaonfire', '#climateterror', '#climateterrorism', '#sydney', '#greensfire', '#melbourne', '#brisbane', '#arson']",[],https://twitter.com/pazrahn/status/1213217484855070720,False,https://twitter.com/paulmuaddib61/status/1204766234597830656,0,,,,,,,"[{'user_id': '2285034294', 'username': 'pazrahn'}]",,,,
1213195335494844416,1213195335494844416,1578083282000,2020-01-04,06:28:02,AEST,117064334,junegirl21,JuneGirl,,Don‚Äôt you means #ArsonEmergency or #greensfire ?  https://twitter.com/larissawaters/status/1212922398678192128¬†‚Ä¶,[],['https://twitter.com/larissawaters/status/1212922398678192128'],[],0,0,0,"['#arsonemergency', '#greensfire']",[],https://twitter.com/junegirl21/status/1213195335494844416,False,https://twitter.com/larissawaters/status/1212922398678192128,0,,,,,,,"[{'user_id': '117064334', 'username': 'junegirl21'}]",,,,
1213185544705888256,1212897346423599105,1578080948000,2020-01-04,05:49:08,AEST,196921398,petersmay,Simon Maye #greensfire,,"Australia has the best leader we have had since John Howard in 2006

One of the few countries to significantly exceed our Kyoto targets & will meet our 2030 Paris target

You only demean yourself slinging off at another country‚Äôs leader, when you don‚Äôt know the facts. #greensfire","['bettemidler', 'scottmorrisonmp']",[],[],0,0,2,['#greensfire'],[],https://twitter.com/PeterSMay/status/1213185544705888256,False,,0,,,,,,,"[{'user_id': '196921398', 'username': 'PeterSMay'}, {'user_id': '139823781', 'username': 'BetteMidler'}, {'user_id': '34116377', 'username': 'ScottMorrisonMP'}]",,,,
1213182050598932480,1213029424460750849,1578080115000,2020-01-04,05:35:15,AEST,196921398,petersmay,Simon Maye #greensfire,,#greensfire,"['jimmymalecki', 'm_mccormackmp']",[],[],0,0,0,['#greensfire'],[],https://twitter.com/PeterSMay/status/1213182050598932480,False,,0,,,,,,,"[{'user_id': '196921398', 'username': 'PeterSMay'}, {'user_id': '147537458', 'username': 'jimmymalecki'}, {'user_id': '1195051945', 'username': 'M_McCormackMP'}]",,,,
1213181301936672768,1213181301936672768,1578079936000,2020-01-04,05:32:16,AEST,196921398,petersmay,Simon Maye #greensfire,,#greensfire  https://twitter.com/davidtruman3/status/1213039343146684416¬†‚Ä¶,[],['https://twitter.com/davidtruman3/status/1213039343146684416'],[],0,0,0,['#greensfire'],[],https://twitter.com/PeterSMay/status/1213181301936672768,False,https://twitter.com/DavidTruman3/status/1213039343146684416,0,,,,,,,"[{'user_id': '196921398', 'username': 'PeterSMay'}]",,,,
1213180834926084101,1213024322530398208,1578079825000,2020-01-04,05:30:25,AEST,196921398,petersmay,Simon Maye #greensfire,,"Now is not the time to divide the nation in crisis. #PrayForAustralia 

But post emergency analysis will burn the Greens in public opinion when the truth comes out about the real causes. #greensfire","['colonelhogans', 'stupafication']",[],[],0,0,0,"['#prayforaustralia', '#greensfire']",[],https://twitter.com/PeterSMay/status/1213180834926084101,False,,0,,,,,,,"[{'user_id': '196921398', 'username': 'PeterSMay'}, {'user_id': '341327946', 'username': 'colonelhogans'}, {'user_id': '2653454310', 'username': 'stupafication'}]",,,,
1213177985907359749,1213037243935252483,1578079146000,2020-01-04,05:19:06,AEST,196921398,petersmay,Simon Maye #greensfire,,"Utter rubbish James. Stop trying to divide our society at a time of crisis.

Very unaustralian !

#auspol2020 #greensfire #AustraliaOnFire","['jamesscullin', 'scottmorrisonmp']",[],[],0,0,0,"['#auspol2020', '#greensfire', '#australiaonfire']",[],https://twitter.com/PeterSMay/status/1213177985907359749,False,,0,,,,,,,"[{'user_id': '196921398', 'username': 'PeterSMay'}, {'user_id': '163341058', 'username': 'JamesScullin'}, {'user_id': '34116377', 'username': 'ScottMorrisonMP'}]",,,,
1213006704868122624,1213006704868122624,1578038309000,2020-01-03,17:58:29,AEST,838277207441055746,travellingagro,TheTravellingAgro,,"I agree, if @ScottMorrisonMP was actually allowed to vent his honest frustration of how and what has killed these people and destroyed homes by calling out the hypocrisy that is #greensfire our country would benefit greatly, yet he  cb estimated time of arrival cut off constantly  https://twitter.com/issatheodora/status/1212988694610579457¬†‚Ä¶",['scottmorrisonmp'],['https://twitter.com/issatheodora/status/1212988694610579457'],[],0,0,0,['#greensfire'],[],https://twitter.com/TravellingAgro/status/1213006704868122624,False,https://twitter.com/IssaTheodora/status/1212988694610579457,0,,,,,,,"[{'user_id': '838277207441055746', 'username': 'TravellingAgro'}, {'user_id': '34116377', 'username': 'ScottMorrisonMP'}]",,,,
1213005474204774400,1212965992030015488,1578038016000,2020-01-03,17:53:36,AEST,838277207441055746,travellingagro,TheTravellingAgro,,"Not really frank, it is a function of left greenies holding govt to ransom so they can employ sound fuel mitigation strategies . Our #pm and previous ones have been hamstrung by the left greens who now have death on their hands . #greensfire",['ghgguru'],[],[],1,0,0,"['#pm', '#greensfire']",[],https://twitter.com/TravellingAgro/status/1213005474204774400,False,,0,,,,,,,"[{'user_id': '838277207441055746', 'username': 'TravellingAgro'}, {'user_id': '95715569', 'username': 'GHGGuru'}]",,,,
1213003086811320320,1213000495758860289,1578037447000,2020-01-03,17:44:07,AEST,4892727759,brucealexb,Bruce Buchan üè¥Û†ÅßÛ†Å¢Û†Å≥Û†Å£Û†Å¥Û†Åø,,"Lady MacBeth said it best: ‚ÄúOut, damn bot! Out, I say!‚Äù #Bot #AustraliaBushfires #greensfire",['simonahac'],[],[],0,0,1,"['#bot', '#australiabushfires', '#greensfire']",[],https://twitter.com/BruceAlexB/status/1213003086811320320,False,,0,,,,,,,"[{'user_id': '4892727759', 'username': 'BruceAlexB'}, {'user_id': '870629200348274688', 'username': 'simonahac'}]",,,,
1212972071132647426,1212972071132647426,1578030052000,2020-01-03,15:40:52,AEST,219586560,peterstroud57,üíßPete Stroud,,Such an important thread at this time üëá#AustraliaBushfires #bushfiresAustralia #dismisstheprimeminister #climatefires #ClimateEmegency #greensfire #AustraliaOnFire #auspoI https://twitter.com/jagungal1/status/1212937426034782208¬†‚Ä¶,[],['https://twitter.com/jagungal1/status/1212937426034782208'],[],0,0,1,"['#australiabushfires', '#bushfiresaustralia', '#dismisstheprimeminister', '#climatefires', '#climateemegency', '#greensfire', '#australiaonfire', '#auspoi']",[],https://twitter.com/PeterStroud57/status/1212972071132647426,False,https://twitter.com/jagungal1/status/1212937426034782208,0,,,,,,,"[{'user_id': '219586560', 'username': 'PeterStroud57'}]",,,,
1212969638608302080,1212969638608302080,1578029472000,2020-01-03,15:31:12,AEST,975903543273054209,shytecreek,üî• BuckUp üá¶üá∫üá∫üá∏üá∑üá∏üá∑üá∫,,"The more the #leftards hate on @ScottMorrisonMP the more I like him.  Isn't it ironic.  
I actually would vote for him now in sheer defiance to the left.  #ClimateHoax #greensfire",['scottmorrisonmp'],[],[],2,0,13,"['#leftards', '#climatehoax', '#greensfire']",[],https://twitter.com/ShyteCreek/status/1212969638608302080,False,,0,,,,,,,"[{'user_id': '975903543273054209', 'username': 'ShyteCreek'}, {'user_id': '34116377', 'username': 'ScottMorrisonMP'}]",,,,
1212964701799206912,1212964701799206912,1578028295000,2020-01-03,15:11:35,AEST,1607528220,ka_robo,#HappyConservativeOutsider ‚òîÔ∏è,,@BetteMidler @saffronrabbit @QueerAussie #justsayingfolks #greensfire  https://twitter.com/Kate18660449/status/1212955606006386688¬†‚Ä¶,"['bettemidler', 'saffronrabbit', 'queeraussie']",['https://twitter.com/Kate18660449/status/1212955606006386688'],[],1,0,0,"['#justsayingfolks', '#greensfire']",[],https://twitter.com/ka_robo/status/1212964701799206912,False,https://twitter.com/Kate18660449/status/1212955606006386688,0,,,,,,,"[{'user_id': '1607528220', 'username': 'ka_robo'}, {'user_id': '139823781', 'username': 'BetteMidler'}, {'user_id': '320085167', 'username': 'saffronrabbit'}, {'user_id': '460632677', 'username': 'QueerAussie'}]",,,,
1212959094295814144,1212916015186595840,1578026958000,2020-01-03,14:49:18,AEST,1188298956205363200,philmcc37790144,Phil McCracken,,"When's @AlboMP doing his Presser? Oh thats right, he's at the cricket while the country burns. PMSL. #AustraliaBurning #bushfiresAustralia #greensfire","['margokingston1', 'albomp']",[],[],1,0,0,"['#australiaburning', '#bushfiresaustralia', '#greensfire']",[],https://twitter.com/PhilMcC37790144/status/1212959094295814144,False,,0,,,,,,,"[{'user_id': '1188298956205363200', 'username': 'PhilMcC37790144'}, {'user_id': '571488084', 'username': 'margokingston1'}, {'user_id': '254515782', 'username': 'AlboMP'}]",,,,
1212957143730491393,1212957143730491393,1578026493000,2020-01-03,14:41:33,AEST,941288721361465344,bradjstone80,üá¶üá∫Australian Dissidentüá¶üá∫üá¨üáßüá∫üá∏,,#greensfire,[],[],[],0,0,0,['#greensfire'],[],https://twitter.com/Bradjstone80/status/1212957143730491393,False,,0,,,,,,,"[{'user_id': '941288721361465344', 'username': 'Bradjstone80'}]",,,,
1212955460229156864,1212955460229156864,1578026091000,2020-01-03,14:34:51,AEST,38345242,bondiborn,Philo,,"Just FYI everyone firing up the #greensfire meme 
Safety ALWAYS comes first  https://twitter.com/jagungal1/status/1212944504216403968¬†‚Ä¶",[],['https://twitter.com/jagungal1/status/1212944504216403968'],[],0,0,1,['#greensfire'],[],https://twitter.com/Bondiborn/status/1212955460229156864,False,https://twitter.com/jagungal1/status/1212944504216403968,0,,,,,,,"[{'user_id': '38345242', 'username': 'Bondiborn'}]",,,,
1212950484962566144,1212948002760884224,1578024905000,2020-01-03,14:15:05,AEST,975903543273054209,shytecreek,üî• BuckUp üá¶üá∫üá∫üá∏üá∑üá∏üá∑üá∫,,"We need you TrueBlue on msm TV telling the news,  instead of these filthy bloody liars. 
My poor old mum believes the BS on TV.  Keep up the great work telling the truth about the #greensfire",['staytrueblue'],[],[],1,1,3,['#greensfire'],[],https://twitter.com/ShyteCreek/status/1212950484962566144,False,,0,,,,,,,"[{'user_id': '975903543273054209', 'username': 'ShyteCreek'}, {'user_id': '1157212148554059777', 'username': 'StayTrueBlue'}]",,,,
1212936398946230272,1212936398946230272,1578021547000,2020-01-03,13:19:07,AEST,939669472683495424,ausantileft,OzGayPatriot üá¶üá∫,,"#auspol #AustraliaBurning 

Can anyone tell me how much our temperature would reduce by here in Australia if Australia ""tackles climate change""?

#greensfire",[],[],[],89,54,185,"['#auspol', '#australiaburning', '#greensfire']",[],https://twitter.com/AusAntiLeft/status/1212936398946230272,False,,0,,,,,,,"[{'user_id': '939669472683495424', 'username': 'AusAntiLeft'}]",,,,
1212934461563650048,1212897346423599105,1578021085000,2020-01-03,13:11:25,AEST,838277207441055746,travellingagro,TheTravellingAgro,,Before commenting for ‚Äúall of us‚Äù please not the majority do not feel this way. Those who believe this is a result of ‚Äúclimate hoax change‚Äù are strangely deluded. #greensfire  . Arson caused these fires due to lack of controlled backbones! Stick to pillows on the couch please ü§¶‚Äç‚ôÄÔ∏è,"['shaynnablaze', 'bettemidler', 'scottmorrisonmp']",[],[],0,0,4,['#greensfire'],[],https://twitter.com/TravellingAgro/status/1212934461563650048,False,,0,,,,,,,"[{'user_id': '838277207441055746', 'username': 'TravellingAgro'}, {'user_id': '27192425', 'username': 'ShaynnaBlaze'}, {'user_id': '139823781', 'username': 'BetteMidler'}, {'user_id': '34116377', 'username': 'ScottMorrisonMP'}]",,,,
1212930399183069184,1212930399183069184,1578020116000,2020-01-03,12:55:16,AEST,2301078271,forgotbeauty,üî•unprecedented = climate change,,"Prue is pushing the DEBUNKED greens conspiracy theory 

and anti democratic actions

Dont be like Prue.

#auspol #greensfire #AustraliaBurning https://twitter.com/macsween_prue/status/1212869330943168512¬†‚Ä¶",[],['https://twitter.com/macsween_prue/status/1212869330943168512'],[],0,1,0,"['#auspol', '#greensfire', '#australiaburning']",[],https://twitter.com/ForgotBeauty/status/1212930399183069184,False,https://twitter.com/macsween_prue/status/1212869330943168512,0,,,,,,,"[{'user_id': '2301078271', 'username': 'ForgotBeauty'}]",,,,
1212919726545833985,1212919726545833985,1578017572000,2020-01-03,12:12:52,AEST,1011026495500738561,peter90666913,Peter,,So by trying to stop anyone hurting a tree branch and clean up the bush the #greensfire has emitted more carbon than coal could hope too.....#auspol The #greens are a joke - they don‚Äôt get the Aussie bush https://www.smh.com.au/politics/federal/bushfires-spew-two-thirds-of-national-carbon-emissions-in-one-season-20200102-p53oez.html¬†‚Ä¶,[],['https://www.smh.com.au/politics/federal/bushfires-spew-two-thirds-of-national-carbon-emissions-in-one-season-20200102-p53oez.html'],[],17,59,124,"['#greensfire', '#auspol', '#greens']",[],https://twitter.com/Peter90666913/status/1212919726545833985,False,,0,,,,,,,"[{'user_id': '1011026495500738561', 'username': 'Peter90666913'}]",,,,
1212918017769775104,1212918017769775104,1578017165000,2020-01-03,12:06:05,AEST,221613933,ndplume333,Nom De Plume,,"@Greens Please share your stance on hazard reduction, and explain to the people that as you are not the party in power, you can not influence policy on environmental management, and in particular hazard reduction or backburning. The conspiracy theory is false #greensfire",['greens'],[],[],1,0,0,['#greensfire'],[],https://twitter.com/ndplume333/status/1212918017769775104,False,,0,,,,,,,"[{'user_id': '221613933', 'username': 'ndplume333'}, {'user_id': '7900732', 'username': 'Greens'}]",,,,
1212916196816736256,1212916196816736256,1578016730000,2020-01-03,11:58:50,AEST,221613933,ndplume333,Nom De Plume,,"The conspiracy theory that the @Greens Australia are stopping backburning is wrong. Hazard reduction work has increased, and there has been more carried out in recent years than in previous decades.
#AUSTRALIANBUSHFIRES #greensfire
 https://www.theguardian.com/australia-news/2019/nov/12/is-there-really-a-green-conspiracy-to-stop-bushfire-hazard-reduction¬†‚Ä¶ https://greens.org.au/bushfires¬†",['greens'],"['https://www.theguardian.com/australia-news/2019/nov/12/is-there-really-a-green-conspiracy-to-stop-bushfire-hazard-reduction', 'https://greens.org.au/bushfires']",[],1,0,0,"['#australianbushfires', '#greensfire']",[],https://twitter.com/ndplume333/status/1212916196816736256,False,,0,,,,,,,"[{'user_id': '221613933', 'username': 'ndplume333'}, {'user_id': '7900732', 'username': 'Greens'}]",,,,
1212912214228652032,1212869330943168512,1578015781000,2020-01-03,11:43:01,AEST,838277207441055746,travellingagro,TheTravellingAgro,,Well said. #greensfire is also getting some momentum !üëçüèø,"['macsween_prue', 'richwal94842899', 'scottmorrisonmp']",[],[],0,0,0,['#greensfire'],[],https://twitter.com/TravellingAgro/status/1212912214228652032,False,,0,,,,,,,"[{'user_id': '838277207441055746', 'username': 'TravellingAgro'}, {'user_id': '134646048', 'username': 'macsween_prue'}, {'user_id': '1041864095446618113', 'username': 'richwal94842899'}, {'user_id': '34116377', 'username': 'ScottMorrisonMP'}]",,,,
1212898856444104704,1212898856444104704,1578012596000,2020-01-03,10:49:56,AEST,1011026495500738561,peter90666913,Peter,,Crazy alright - naivety at its worst üòÇüòÇüòÇüòÇü§£ü§£ü§£ü§£ü§£ü§£The Greens are very much the reason for this crisis #greensfire #auspol #AustraliaBurning https://twitter.com/melh190/status/1212791827553771520¬†‚Ä¶,[],['https://twitter.com/melh190/status/1212791827553771520'],[],2,3,5,"['#greensfire', '#auspol', '#australiaburning']",[],https://twitter.com/Peter90666913/status/1212898856444104704,False,https://twitter.com/Melh190/status/1212791827553771520,0,,,,,,,"[{'user_id': '1011026495500738561', 'username': 'Peter90666913'}]",,,,
1212897580369117184,1212897580369117184,1578012292000,2020-01-03,10:44:52,AEST,234634464,jimmyblackfella,Jimmyblackfellaüá¶üá∫,,#bushfiresAustralia #Bushfire #bushfiresNSW #BushfiresVIC #Bushfire #ClimateEmegency #ClimateChange #greensfire #australiaisburning #AustraliaBurns pic.twitter.com/ah7hqndnYb,[],[],['https://pbs.twimg.com/media/ENUT6jyU4AAHY84.jpg'],1,0,0,"['#bushfiresaustralia', '#bushfire', '#bushfiresnsw', '#bushfiresvic', '#bushfire', '#climateemegency', '#climatechange', '#greensfire', '#australiaisburning', '#australiaburns']",[],https://twitter.com/jimmyblackfella/status/1212897580369117184,False,,0,,,,,,,"[{'user_id': '234634464', 'username': 'jimmyblackfella'}]",,,,
1212884850635526145,1212884850635526145,1578009257000,2020-01-03,09:54:17,AEST,1057026851183374336,willanders8,Will,,#greensfire #abcfire #laborfire https://twitter.com/goodfoodgal/status/1212571054213881857¬†‚Ä¶,[],['https://twitter.com/goodfoodgal/status/1212571054213881857'],[],0,0,0,"['#greensfire', '#abcfire', '#laborfire']",[],https://twitter.com/WillAnders8/status/1212884850635526145,False,https://twitter.com/goodfoodgal/status/1212571054213881857,0,,,,,,,"[{'user_id': '1057026851183374336', 'username': 'WillAnders8'}]",,,,
1212876131012997120,1212876131012997120,1578007178000,2020-01-03,09:19:38,AEST,888581320225378304,dr_camouflage_,Dr Camouflage Man (Its cold out there),,"@DanielAndrewsMP 

Don't forget who Andrews panders too. The @Greens 

Andrews has pandered to the greens his entire time as Vic premiere.
 #greensfire
#AustraliaBurning https://twitter.com/CommissionerEMV/status/1212837673414430720?s=19¬†‚Ä¶","['danielandrewsmp', 'greens']",['https://twitter.com/CommissionerEMV/status/1212837673414430720?s=19'],[],0,2,1,"['#greensfire', '#australiaburning']",[],https://twitter.com/Dr_Camouflage_/status/1212876131012997120,False,https://twitter.com/CommissionerEMV/status/1212837673414430720,0,,,,,,,"[{'user_id': '888581320225378304', 'username': 'Dr_Camouflage_'}, {'user_id': '228535666', 'username': 'DanielAndrewsMP'}, {'user_id': '7900732', 'username': 'Greens'}]",,,,
1212857169156001793,1212857169156001793,1578002657000,2020-01-03,08:04:17,AEST,1011026495500738561,peter90666913,Peter,,Got to love this - the media mercilessly blame ‚Å¶@ScottMorrisonMP‚Å© for everything to do with the #greensfire when in reality it is nothing to do with him - brainwash people into getting angry and then report it as if they are innocent #auspol https://www.smh.com.au/national/people-are-looking-for-someone-to-blame-and-right-now-the-pm-s-their-sights-20200102-p53obw.html¬†‚Ä¶,['scottmorrisonmp'],['https://www.smh.com.au/national/people-are-looking-for-someone-to-blame-and-right-now-the-pm-s-their-sights-20200102-p53obw.html'],[],36,66,187,"['#greensfire', '#auspol']",[],https://twitter.com/Peter90666913/status/1212857169156001793,False,,0,,,,,,,"[{'user_id': '1011026495500738561', 'username': 'Peter90666913'}, {'user_id': '34116377', 'username': 'ScottMorrisonMP'}]",,,,
1212832980701335552,1212820573270630400,1577996890000,2020-01-03,06:28:10,AEST,386196459,safe1970,SAFE üá¶üá∫,,We all know that the #greensfire was caused by the #ArsonEmergency,['labor_trash'],[],[],1,0,6,"['#greensfire', '#arsonemergency']",[],https://twitter.com/safe1970/status/1212832980701335552,False,,0,,,,,,,"[{'user_id': '386196459', 'username': 'safe1970'}, {'user_id': '228924029', 'username': 'labor_trash'}]",,,,
1212724941298139136,1212722073702789120,1577971132000,2020-01-02,23:18:52,AEST,1212715046138044416,bubbleperson1,Bubble Person,,And we need to wipe the Greens out whilst we're at it... #greensfire #twitterbubble pic.twitter.com/nyzLkrlWXW,['falloftheliving'],[],['https://pbs.twimg.com/media/ENR24ZIUUAAwhxh.jpg'],0,0,0,"['#greensfire', '#twitterbubble']",[],https://twitter.com/BubblePerson1/status/1212724941298139136,False,,0,,,,,,,"[{'user_id': '1212715046138044416', 'username': 'BubblePerson1'}, {'user_id': '378054418', 'username': 'FallOfTheLiving'}]",,,,
1212724566113435648,1212722422689890304,1577971042000,2020-01-02,23:17:22,AEST,1212715046138044416,bubbleperson1,Bubble Person,,And we need to jail all the Greens as well...  #greensfire #twitterbubble pic.twitter.com/IDf0AeDJo7,['monkacunt'],[],['https://pbs.twimg.com/media/ENR2ih7UcAESgx9.jpg'],0,1,1,"['#greensfire', '#twitterbubble']",[],https://twitter.com/BubblePerson1/status/1212724566113435648,False,,0,,,,,,,"[{'user_id': '1212715046138044416', 'username': 'BubblePerson1'}, {'user_id': '1201852305185722369', 'username': 'monkacunt'}]",,,,
1212724190756757504,1212723278432722944,1577970953000,2020-01-02,23:15:53,AEST,1212715046138044416,bubbleperson1,Bubble Person,,And let's not forget the role of the Greens in this national disaster....  #greensfire #twitterbubble pic.twitter.com/kAPBfDL8wh,"['ausoxymoron', 'scottmorrisonmp']",[],['https://pbs.twimg.com/media/ENR2MqmVUAAsptl.jpg'],0,0,0,"['#greensfire', '#twitterbubble']",[],https://twitter.com/BubblePerson1/status/1212724190756757504,False,,0,,,,,,,"[{'user_id': '1212715046138044416', 'username': 'BubblePerson1'}, {'user_id': '832117335313911808', 'username': 'ausoxymoron'}, {'user_id': '34116377', 'username': 'ScottMorrisonMP'}]",,,,
1212723048777781248,1212721306363260931,1577970680000,2020-01-02,23:11:20,AEST,1212715046138044416,bubbleperson1,Bubble Person,,And let's not forget all the other pollies that have blood on their hands....  #greensfire #twitterbubble pic.twitter.com/AExknEAIaq,['chef09876'],[],['https://pbs.twimg.com/media/ENR1JkmUYAgZlQ3.jpg'],1,0,0,"['#greensfire', '#twitterbubble']",[],https://twitter.com/BubblePerson1/status/1212723048777781248,False,,0,,,,,,,"[{'user_id': '1212715046138044416', 'username': 'BubblePerson1'}, {'user_id': '535267863', 'username': 'chef09876'}]",,,,
1212674302123765761,1212120932237664258,1577959058000,2020-01-02,19:57:38,AEST,888581320225378304,dr_camouflage_,Dr Camouflage Man (Its cold out there),,Im going through phases. This lot have achieved what they wanted. They have successfully devided Australia. This time they wont get away with the rott their pushing and I think they know it. #greensfire,"['i_say_toad', 'offgridbear', 'david13353252', 'goyoubays', 'voodoo_pork']",[],[],1,0,2,['#greensfire'],[],https://twitter.com/Dr_Camouflage_/status/1212674302123765761,False,,0,,,,,,,"[{'user_id': '888581320225378304', 'username': 'Dr_Camouflage_'}, {'user_id': '1059299800162521089', 'username': 'I_say_Toad'}, {'user_id': '1075274860966760448', 'username': 'offgridbear'}, {'user_id': '1002522913235300352', 'username': 'David13353252'}, {'user_id': '170632886', 'username': 'Goyoubays'}, {'user_id': '308901507', 'username': 'Voodoo_Pork'}]",,,,
1212669592092307457,1212120932237664258,1577957935000,2020-01-02,19:38:55,AEST,888581320225378304,dr_camouflage_,Dr Camouflage Man (Its cold out there),,#greensfire,"['boumj005', 'voodoo_pork']",[],[],1,0,0,['#greensfire'],[],https://twitter.com/Dr_Camouflage_/status/1212669592092307457,False,,0,,,,,,,"[{'user_id': '888581320225378304', 'username': 'Dr_Camouflage_'}, {'user_id': '50854442', 'username': 'boumj005'}, {'user_id': '308901507', 'username': 'Voodoo_Pork'}]",,,,
1212668514999455744,1212668514999455744,1577957678000,2020-01-02,19:34:38,AEST,1200937445501456384,scott48816571,Scott,,#greensfire #bushfiresAustralia #ClimateEmegency https://twitter.com/peter90666913/status/1212626635184164864¬†‚Ä¶,[],['https://twitter.com/peter90666913/status/1212626635184164864'],[],0,0,1,"['#greensfire', '#bushfiresaustralia', '#climateemegency']",[],https://twitter.com/Scott48816571/status/1212668514999455744,False,https://twitter.com/Peter90666913/status/1212626635184164864,0,,,,,,,"[{'user_id': '1200937445501456384', 'username': 'Scott48816571'}]",,,,
1212667956817055744,1212120932237664258,1577957545000,2020-01-02,19:32:25,AEST,888581320225378304,dr_camouflage_,Dr Camouflage Man (Its cold out there),,#greensfire,['voodoo_pork'],[],[],1,0,0,['#greensfire'],[],https://twitter.com/Dr_Camouflage_/status/1212667956817055744,False,,0,,,,,,,"[{'user_id': '888581320225378304', 'username': 'Dr_Camouflage_'}, {'user_id': '308901507', 'username': 'Voodoo_Pork'}]",,,,
1212666137093136384,1195621949692448768,1577957111000,2020-01-02,19:25:11,AEST,1188298956205363200,philmcc37790144,Phil McCracken,,Anyone know if Kate is single? She seems nice. #AustralianFires #greens #greensfire,['katwinstonlover'],[],[],0,0,0,"['#australianfires', '#greens', '#greensfire']",[],https://twitter.com/PhilMcC37790144/status/1212666137093136384,False,,0,,,,,,,"[{'user_id': '1188298956205363200', 'username': 'PhilMcC37790144'}, {'user_id': '2456903869', 'username': 'katwinstonlover'}]",,,,
1212662243906617347,1212526516501798913,1577956183000,2020-01-02,19:09:43,AEST,888581320225378304,dr_camouflage_,Dr Camouflage Man (Its cold out there),,#greensfire,"['becbatchy', 'wellldoyou', 'timthwaites1', 'chrissy_gent', 'yumichild']",[],[],0,0,0,['#greensfire'],[],https://twitter.com/Dr_Camouflage_/status/1212662243906617347,False,,0,,,,,,,"[{'user_id': '888581320225378304', 'username': 'Dr_Camouflage_'}, {'user_id': '491134067', 'username': 'becbatchy'}, {'user_id': '333022913', 'username': 'WelllDoYou'}, {'user_id': '753032009857937408', 'username': 'TimThwaites1'}, {'user_id': '883259228516896768', 'username': 'chrissy_gent'}, {'user_id': '22688210', 'username': 'yumichild'}]",,,,
1212662155100577792,1212526516501798913,1577956162000,2020-01-02,19:09:22,AEST,888581320225378304,dr_camouflage_,Dr Camouflage Man (Its cold out there),,#greensfire,"['becbatchy', 'andrewwhiteau', 'wellldoyou', 'timthwaites1', 'chrissy_gent', 'yumichild']",[],[],0,0,0,['#greensfire'],[],https://twitter.com/Dr_Camouflage_/status/1212662155100577792,False,,0,,,,,,,"[{'user_id': '888581320225378304', 'username': 'Dr_Camouflage_'}, {'user_id': '491134067', 'username': 'becbatchy'}, {'user_id': '129805651', 'username': 'andrewwhiteau'}, {'user_id': '333022913', 'username': 'WelllDoYou'}, {'user_id': '753032009857937408', 'username': 'TimThwaites1'}, {'user_id': '883259228516896768', 'username': 'chrissy_gent'}, {'user_id': '22688210', 'username': 'yumichild'}]",,,,
1212661920538382336,1212505723638140928,1577956106000,2020-01-02,19:08:26,AEST,888581320225378304,dr_camouflage_,Dr Camouflage Man (Its cold out there),,#greensfire,"['becbatchy', 'barobertson111', 'eytanlenko']",[],[],1,0,0,['#greensfire'],[],https://twitter.com/Dr_Camouflage_/status/1212661920538382336,False,,0,,,,,,,"[{'user_id': '888581320225378304', 'username': 'Dr_Camouflage_'}, {'user_id': '491134067', 'username': 'becbatchy'}, {'user_id': '2358882852', 'username': 'barobertson111'}, {'user_id': '162978214', 'username': 'eytanlenko'}]",,,,
1212661817052282881,1208875380343394304,1577956082000,2020-01-02,19:08:02,AEST,888581320225378304,dr_camouflage_,Dr Camouflage Man (Its cold out there),,#greensfire,"['boumj005', 'ducky3612', 'omgthemess', 'chairvpswocn', 'scottmorrisonmp', 'angustaylormp']",[],[],1,0,0,['#greensfire'],[],https://twitter.com/Dr_Camouflage_/status/1212661817052282881,False,,0,,,,,,,"[{'user_id': '888581320225378304', 'username': 'Dr_Camouflage_'}, {'user_id': '50854442', 'username': 'boumj005'}, {'user_id': '528950529', 'username': 'ducky3612'}, {'user_id': '1388148914', 'username': 'OMGTheMess'}, {'user_id': '1170962506287726592', 'username': 'ChairVPSWoCN'}, {'user_id': '34116377', 'username': 'ScottMorrisonMP'}, {'user_id': '84750011', 'username': 'AngusTaylorMP'}]",,,,
1212659965313183744,1212505723638140928,1577955640000,2020-01-02,19:00:40,AEST,888581320225378304,dr_camouflage_,Dr Camouflage Man (Its cold out there),,#greensfire,"['becbatchy', 'barobertson111', 'eytanlenko']",[],[],1,0,0,['#greensfire'],[],https://twitter.com/Dr_Camouflage_/status/1212659965313183744,False,,0,,,,,,,"[{'user_id': '888581320225378304', 'username': 'Dr_Camouflage_'}, {'user_id': '491134067', 'username': 'becbatchy'}, {'user_id': '2358882852', 'username': 'barobertson111'}, {'user_id': '162978214', 'username': 'eytanlenko'}]",,,,
1212642817618563072,1208875380343394304,1577951552000,2020-01-02,17:52:32,AEST,888581320225378304,dr_camouflage_,Dr Camouflage Man (Its cold out there),,#greensfire,"['boumj005', 'omgthemess', 'chairvpswocn', 'ducky3612', 'scottmorrisonmp', 'angustaylormp']",[],[],3,0,0,['#greensfire'],[],https://twitter.com/Dr_Camouflage_/status/1212642817618563072,False,,0,,,,,,,"[{'user_id': '888581320225378304', 'username': 'Dr_Camouflage_'}, {'user_id': '50854442', 'username': 'boumj005'}, {'user_id': '1388148914', 'username': 'OMGTheMess'}, {'user_id': '1170962506287726592', 'username': 'ChairVPSWoCN'}, {'user_id': '528950529', 'username': 'ducky3612'}, {'user_id': '34116377', 'username': 'ScottMorrisonMP'}, {'user_id': '84750011', 'username': 'AngusTaylorMP'}]",,,,
1212626635184164864,1212626635184164864,1577947693000,2020-01-02,16:48:13,AEST,1011026495500738561,peter90666913,Peter,,"the #firebugs keep getting caught, another one caught was from Bondi #lattesipping capital  #greensfire has a lot to answer for. We need a full public inquiry to the causes and the plan to mitigate future fires #auspol forget CChange emotional rhetoric https://www.9news.com.au/national/nsw-bushfires-man-charged-with-deliberately-lighting-fire-in-states-south/ca99d6dd-b7d5-4345-a79c-8a0f5c652dbf¬†‚Ä¶",[],['https://www.9news.com.au/national/nsw-bushfires-man-charged-with-deliberately-lighting-fire-in-states-south/ca99d6dd-b7d5-4345-a79c-8a0f5c652dbf'],[],39,150,310,"['#firebugs', '#lattesipping', '#greensfire', '#auspol']",[],https://twitter.com/Peter90666913/status/1212626635184164864,False,,0,,,,,,,"[{'user_id': '1011026495500738561', 'username': 'Peter90666913'}]",,,,
1212625870260621312,1212625245854502914,1577947511000,2020-01-02,16:45:11,AEST,888581320225378304,dr_camouflage_,Dr Camouflage Man (Its cold out there),,The facts are coming #Progressive #greensfire  pic.twitter.com/PPtB0Xhwj7,['tongzhi96'],[],['https://pbs.twimg.com/media/ENQczCwVUAAmnF6.jpg'],0,1,0,"['#progressive', '#greensfire']",[],https://twitter.com/Dr_Camouflage_/status/1212625870260621312,False,,0,,,,,,,"[{'user_id': '888581320225378304', 'username': 'Dr_Camouflage_'}, {'user_id': '3408466492', 'username': 'tongzhi96'}]",,,,
1212625480630669313,1212625480630669313,1577947418000,2020-01-02,16:43:38,AEST,1011026495500738561,peter90666913,Peter,,"#horsehead and her supporters just can‚Äôt wait to sink the boot into Australians in a disastrous time. With #greensfire #firebugs rampant, taking advantage of poor bush and Fire access road upkeeps, we have to swallow this tripe...Go away u clutz #auspol https://www.nzherald.co.nz/opinion/news/article.cfm?c_id=466&objectid=12297781¬†‚Ä¶",[],['https://www.nzherald.co.nz/opinion/news/article.cfm?c_id=466&objectid=12297781'],[],33,34,112,"['#horsehead', '#greensfire', '#firebugs', '#auspol']",[],https://twitter.com/Peter90666913/status/1212625480630669313,False,,0,,,,,,,"[{'user_id': '1011026495500738561', 'username': 'Peter90666913'}]",,,,
1212622219555160064,1212521072806858753,1577946641000,2020-01-02,16:30:41,AEST,386196459,safe1970,SAFE üá¶üá∫,,"Yeah they do now the public is sick of their obstruction to just about everything that might make people's lives better. They love the balance of power, now that is gone. hopefully they and their loonie ideals will be gone sooner rather than later. #greensfire #ArsonEmergency","['beer_nun', 'lighttouchpaper', 'realaussie2']",[],[],2,0,0,"['#greensfire', '#arsonemergency']",[],https://twitter.com/safe1970/status/1212622219555160064,False,,0,,,,,,,"[{'user_id': '386196459', 'username': 'safe1970'}, {'user_id': '367532676', 'username': 'beer_nun'}, {'user_id': '707524622606934016', 'username': 'Lighttouchpaper'}, {'user_id': '1152021341396033537', 'username': 'realaussie2'}]",,,,
1212621855334420480,1212621855334420480,1577946554000,2020-01-02,16:29:14,AEST,888581320225378304,dr_camouflage_,Dr Camouflage Man (Its cold out there),,"Found a new hashtag. #greensfire 

I like it

 https://twitter.com/MomentsAU/status/1212528806788919296?s=19¬†‚Ä¶",[],['https://twitter.com/MomentsAU/status/1212528806788919296?s=19'],[],1,2,7,['#greensfire'],[],https://twitter.com/Dr_Camouflage_/status/1212621855334420480,False,https://twitter.com/MomentsAU/status/1212528806788919296,0,,,,,,,"[{'user_id': '888581320225378304', 'username': 'Dr_Camouflage_'}]",,,,
1212621552593723397,1212555905381748737,1577946482000,2020-01-02,16:28:02,AEST,888581320225378304,dr_camouflage_,Dr Camouflage Man (Its cold out there),,What do you want him to do. Break down and cry? Would that help? Im sure if he did you would be having a go at him for that. #greensfire,"['willijet', 'abcnews']",[],[],0,0,1,['#greensfire'],[],https://twitter.com/Dr_Camouflage_/status/1212621552593723397,False,,0,,,,,,,"[{'user_id': '888581320225378304', 'username': 'Dr_Camouflage_'}, {'user_id': '321140444', 'username': 'willijet'}, {'user_id': '2768501', 'username': 'abcnews'}]",,,,
1212617906028068868,1212617906028068868,1577945612000,2020-01-02,16:13:32,AEST,3123810043,pc_idiocracy,James Adams,,Let‚Äôs take a moment to appreciate how spot on ‚Å¶@mirandadevine‚Å© was in her 2009 article on the Victorian bushfires. Zero action has been taken over the last two decades to combat the destruction which we are seeing now. #greensfire  https://www.smh.com.au/environment/green-ideas-must-take-blame-for-deaths-20090211-84mk.html¬†‚Ä¶,['mirandadevine'],['https://www.smh.com.au/environment/green-ideas-must-take-blame-for-deaths-20090211-84mk.html'],[],16,45,105,['#greensfire'],[],https://twitter.com/pc_idiocracy/status/1212617906028068868,False,,0,,,,,,,"[{'user_id': '3123810043', 'username': 'pc_idiocracy'}, {'user_id': '32201297', 'username': 'mirandadevine'}]",,,,
1212607788314030081,1212607787005403137,1577943200000,2020-01-02,15:33:20,AEST,3172105158,essy_bessy,EssyBessy (Jess) üíõü¶å,,"Thank you for killing Australia. Everyone lives in fear because of you. It is what we ever wanted for our home, isn't it? Murderers.
#NSWbushfires #greensfire #greens",[],[],[],0,1,4,"['#nswbushfires', '#greensfire', '#greens']",[],https://twitter.com/Essy_Bessy/status/1212607788314030081,False,,0,,,,,,,"[{'user_id': '3172105158', 'username': 'Essy_Bessy'}]",,,,
1212474998838849537,1212474998838849537,1577911541000,2020-01-02,06:45:41,AEST,1011026495500738561,peter90666913,Peter,,"#greensfire The #greens still aren‚Äôt taking their part of responsibility for the fires - getting backburning and bush management stopped and a host of firebugs on board to burn our bush is disgusting - to shift blame, even worse #auspol #AustralianFires https://twitter.com/jordonsteele/status/1211914242984534017¬†‚Ä¶",[],['https://twitter.com/jordonsteele/status/1211914242984534017'],[],19,39,103,"['#greensfire', '#greens', '#auspol', '#australianfires']",[],https://twitter.com/Peter90666913/status/1212474998838849537,False,https://twitter.com/Jordonsteele/status/1211914242984534017,0,,,,,,,"[{'user_id': '1011026495500738561', 'username': 'Peter90666913'}]",,,,
1210520321695961090,1210053880194551808,1577445509000,2019-12-27,21:18:29,AEST,1011026495500738561,peter90666913,Peter,,#greensfire,['troycookson'],[],[],0,0,0,['#greensfire'],[],https://twitter.com/Peter90666913/status/1210520321695961090,False,,0,,,,,,,"[{'user_id': '1011026495500738561', 'username': 'Peter90666913'}, {'user_id': '321053588', 'username': 'TroyCookson'}]",,,,
1210471303506825216,1210471303506825216,1577433822000,2019-12-27,18:03:42,AEST,1011026495500738561,peter90666913,Peter,,Do u understand the word Volunteer Ray? Your an A grade wanker who I doubt has ever fought a fire - I have as a ‚Äòvolunteer‚Äô and I would be insulted if u offered me money - we aren‚Äôt greedy pricks like u #auspol #greensfire  https://twitter.com/raywilton4/status/1210448280611643392¬†‚Ä¶,[],['https://twitter.com/raywilton4/status/1210448280611643392'],[],6,10,39,"['#auspol', '#greensfire']",[],https://twitter.com/Peter90666913/status/1210471303506825216,False,https://twitter.com/raywilton4/status/1210448280611643392,0,,,,,,,"[{'user_id': '1011026495500738561', 'username': 'Peter90666913'}]",,,,
1210468872702193664,1210468872702193664,1577433243000,2019-12-27,17:54:03,AEST,1011026495500738561,peter90666913,Peter,,#piggyRudd still trying to get attention #oinkoink @MrKRudd go enjoy our taxpayer paid retirement and stop reminding us why we hate u #auspol #greensfire  https://twitter.com/MrKRudd/status/1209967591629787137¬†‚Ä¶,['mrkrudd'],['https://twitter.com/MrKRudd/status/1209967591629787137'],[],1,2,7,"['#piggyrudd', '#oinkoink', '#auspol', '#greensfire']",[],https://twitter.com/Peter90666913/status/1210468872702193664,False,https://twitter.com/MrKRudd/status/1209967591629787137,0,,,,,,,"[{'user_id': '1011026495500738561', 'username': 'Peter90666913'}, {'user_id': '16832632', 'username': 'MrKRudd'}]",,,,
1210171821565202432,1210171821565202432,1577362420000,2019-12-26,22:13:40,AEST,1011026495500738561,peter90666913,Peter,,What can u say...each to their own I guess #auspol #muslimgoats #mansbeatfriend #greensfire  https://twitter.com/dontknowitall/status/1210168914274996224¬†‚Ä¶,[],['https://twitter.com/dontknowitall/status/1210168914274996224'],[],6,10,14,"['#auspol', '#muslimgoats', '#mansbeatfriend', '#greensfire']",[],https://twitter.com/Peter90666913/status/1210171821565202432,False,https://twitter.com/dontknowitall/status/1210168914274996224,0,,,,,,,"[{'user_id': '1011026495500738561', 'username': 'Peter90666913'}]",,,,
1210069502005665792,1210069502005665792,1577338025000,2019-12-26,15:27:05,AEST,1011026495500738561,peter90666913,Peter,,#greensfire - seems your boy Troy is hard at work spinning your buddies match habits into being @ScottMorrisonMP ‚Äòs Sorry Aussies aren‚Äôt as stupid as @AdamBandt looks -#auspol https://twitter.com/troycookson/status/1210053880194551808¬†‚Ä¶,"['scottmorrisonmp', 'adambandt']",['https://twitter.com/troycookson/status/1210053880194551808'],[],0,1,2,"['#greensfire', '#auspol']",[],https://twitter.com/Peter90666913/status/1210069502005665792,False,https://twitter.com/TroyCookson/status/1210053880194551808,0,,,,,,,"[{'user_id': '1011026495500738561', 'username': 'Peter90666913'}, {'user_id': '34116377', 'username': 'ScottMorrisonMP'}, {'user_id': '25960714', 'username': 'AdamBandt'}]",,,,
1210068063053176832,1210068063053176832,1577337682000,2019-12-26,15:21:22,AEST,1011026495500738561,peter90666913,Peter,,üòÇüòÇüòÇüòÇüòÇüòÇcatastrophe? Is this  your first Australian summer? Slip in words like Armageddon and apocalyptic and exaggerate / lie as much as you like to fit you rubbish agenda #auspol #greensfire oh and don‚Äôt play with matches like your mates have  https://twitter.com/PerthWAustralia/status/1210049592961560576¬†‚Ä¶,[],['https://twitter.com/PerthWAustralia/status/1210049592961560576'],[],5,13,43,"['#auspol', '#greensfire']",[],https://twitter.com/Peter90666913/status/1210068063053176832,False,https://twitter.com/PerthWAustralia/status/1210049592961560576,0,,,,,,,"[{'user_id': '1011026495500738561', 'username': 'Peter90666913'}]",,,,
1209692757054279680,1209692757054279680,1577248202000,2019-12-25,14:30:02,AEST,1011026495500738561,peter90666913,Peter,,Is this guy trying to tell us he is Firebug? You only blame people like the PM when your covering for something or someone #auspol #greensfire  https://twitter.com/Forthleft2/status/1209659970175717376¬†‚Ä¶,[],['https://twitter.com/Forthleft2/status/1209659970175717376'],[],0,1,3,"['#auspol', '#greensfire']",[],https://twitter.com/Peter90666913/status/1209692757054279680,False,https://twitter.com/Forthleft2/status/1209659970175717376,0,,,,,,,"[{'user_id': '1011026495500738561', 'username': 'Peter90666913'}]",,,,
1209348852970446848,1208935631830867968,1577166209000,2019-12-24,15:43:29,AEST,1011026495500738561,peter90666913,Peter,,#greensfire  pic.twitter.com/lXu2EV40Og,['aarondodd'],[],['https://pbs.twimg.com/media/EMh4WzDUEAAF0J3.jpg'],2,4,10,['#greensfire'],[],https://twitter.com/Peter90666913/status/1209348852970446848,False,,0,,,,,,,"[{'user_id': '1011026495500738561', 'username': 'Peter90666913'}, {'user_id': '18621574', 'username': 'AaronDodd'}]",,,,
1208997607109869568,1208997607109869568,1577082466000,2019-12-23,16:27:46,AEST,1011026495500738561,peter90666913,Peter,,More evidence that the left are stupid.....it‚Äôs wspelt with a u numbnuts! #auspol and best used to reference the #greens or #turdadhern #Greensfire  https://twitter.com/SchoonerLita/status/1208557480529158144¬†‚Ä¶,[],['https://twitter.com/SchoonerLita/status/1208557480529158144'],[],0,2,3,"['#auspol', '#greens', '#turdadhern', '#greensfire']",[],https://twitter.com/Peter90666913/status/1208997607109869568,False,https://twitter.com/SchoonerLita/status/1208557480529158144,0,,,,,,,"[{'user_id': '1011026495500738561', 'username': 'Peter90666913'}]",,,,
1208508605617455107,1208313165735350272,1576965879000,2019-12-22,08:04:39,AEST,1011026495500738561,peter90666913,Peter,,#greensfire this lot - can‚Äôt clean around your house without being fined,"['mlsmichael', 'christansley', 'fatbob2013']",[],[],0,0,1,['#greensfire'],[],https://twitter.com/Peter90666913/status/1208508605617455107,False,,0,,,,,,,"[{'user_id': '1011026495500738561', 'username': 'Peter90666913'}, {'user_id': '1403926680', 'username': 'MlsMichael'}, {'user_id': '287001970', 'username': 'ChrisTansley'}, {'user_id': '899696035', 'username': 'Fatbob2013'}]",,,,
1208101626453479424,1208101626453479424,1576868847000,2019-12-21,05:07:27,AEST,1011026495500738561,peter90666913,Peter,,The real issue #greensfire #auspol fires breath oxygen- the greens will next declare oxygen emissions as the issue and turn on trees...Mother Nature must be amused with people‚Äôs inability to grasp the climate is constantly changing and humans can‚Äôt control anything! pic.twitter.com/9NXKsd8x1e,[],[],['https://pbs.twimg.com/media/EMQKA8AUwAAYNU2.jpg'],0,2,5,"['#greensfire', '#auspol']",[],https://twitter.com/Peter90666913/status/1208101626453479424,False,,0,,,,,,,"[{'user_id': '1011026495500738561', 'username': 'Peter90666913'}]",,,,
1208100935961964544,1208100935961964544,1576868683000,2019-12-21,05:04:43,AEST,1011026495500738561,peter90666913,Peter,,Yes the climate is changing as it always does every year every century. These fires are #greensfire lit by firebug trying to push the #climatechangehoax fools like @AdamBandt and @GretaThunberg will next say that because fires rely on oxygen that oxygen is badüòÇüòÇüòÇüòÇ #auspol https://twitter.com/SheElf_1/status/1207102553176952833¬†‚Ä¶,"['adambandt', 'gretathunberg']",['https://twitter.com/SheElf_1/status/1207102553176952833'],[],11,62,165,"['#greensfire', '#climatechangehoax', '#auspol']",[],https://twitter.com/Peter90666913/status/1208100935961964544,False,https://twitter.com/SheElf_1/status/1207102553176952833,0,,,,,,,"[{'user_id': '1011026495500738561', 'username': 'Peter90666913'}, {'user_id': '25960714', 'username': 'AdamBandt'}, {'user_id': '1006419421244678144', 'username': 'GretaThunberg'}]",,,,
